"Reservoir","DateTime","Taxon","size","sd"
"BVR",2014-04-04,"Daphnia",NA,NA
"BVR",2014-04-04,"Calanoida",NA,NA
"BVR",2014-04-04,"Cyclopoida",0.56,NA
"BVR",2014-04-04,"Nauplii",NA,NA
"BVR",2014-04-04,"Bosmina",0.2,NA
"BVR",2014-04-04,"Ceriodaphnia",NA,NA
"BVR",2014-04-04,"Ascomorpha",NA,NA
"BVR",2014-04-04,"Conochilus",NA,NA
"BVR",2014-04-04,"Keratella",NA,NA
"BVR",2014-04-04,"Trichocerca",NA,NA
"BVR",2014-04-04,"Kellicottia",NA,NA
"BVR",2014-04-04,"Polyarthra",NA,NA
"BVR",2014-04-04,"Rotifera",NA,NA
"BVR",2014-04-04,"Cladocera",0.23,0.0424264068711929
"BVR",2014-04-04,"Copepoda",0.56,NA
"BVR",2014-04-17,"Daphnia",0.49,NA
"BVR",2014-04-17,"Calanoida",0.57,NA
"BVR",2014-04-17,"Cyclopoida",0.54,NA
"BVR",2014-04-17,"Nauplii",NA,NA
"BVR",2014-04-17,"Bosmina",0.25,NA
"BVR",2014-04-17,"Ceriodaphnia",NA,NA
"BVR",2014-04-17,"Ascomorpha",NA,NA
"BVR",2014-04-17,"Conochilus",NA,NA
"BVR",2014-04-17,"Keratella",NA,NA
"BVR",2014-04-17,"Trichocerca",NA,NA
"BVR",2014-04-17,"Kellicottia",NA,NA
"BVR",2014-04-17,"Polyarthra",NA,NA
"BVR",2014-04-17,"Rotifera",NA,NA
"BVR",2014-04-17,"Cladocera",0.326666666666667,0.141539158303748
"BVR",2014-04-17,"Copepoda",0.555,0.0212132034355964
"BVR",2014-04-30,"Daphnia",0.58,0.14142135623731
"BVR",2014-04-30,"Calanoida",0.65,NA
"BVR",2014-04-30,"Cyclopoida",0.43,NA
"BVR",2014-04-30,"Nauplii",NA,NA
"BVR",2014-04-30,"Bosmina",0.26,NA
"BVR",2014-04-30,"Ceriodaphnia",NA,NA
"BVR",2014-04-30,"Ascomorpha",NA,NA
"BVR",2014-04-30,"Conochilus",NA,NA
"BVR",2014-04-30,"Keratella",NA,NA
"BVR",2014-04-30,"Trichocerca",NA,NA
"BVR",2014-04-30,"Kellicottia",NA,NA
"BVR",2014-04-30,"Polyarthra",NA,NA
"BVR",2014-04-30,"Rotifera",NA,NA
"BVR",2014-04-30,"Cladocera",0.4325,0.189978068909721
"BVR",2014-04-30,"Copepoda",0.54,0.15556349186104
"BVR",2014-05-14,"Daphnia",0.67,NA
"BVR",2014-05-14,"Calanoida",0.45,NA
"BVR",2014-05-14,"Cyclopoida",0.62,NA
"BVR",2014-05-14,"Nauplii",NA,NA
"BVR",2014-05-14,"Bosmina",0.29,NA
"BVR",2014-05-14,"Ceriodaphnia",NA,NA
"BVR",2014-05-14,"Ascomorpha",NA,NA
"BVR",2014-05-14,"Conochilus",NA,NA
"BVR",2014-05-14,"Keratella",NA,NA
"BVR",2014-05-14,"Trichocerca",NA,NA
"BVR",2014-05-14,"Kellicottia",NA,NA
"BVR",2014-05-14,"Polyarthra",NA,NA
"BVR",2014-05-14,"Rotifera",NA,NA
"BVR",2014-05-14,"Cladocera",0.393333333333333,0.24214320831552
"BVR",2014-05-14,"Copepoda",0.535,0.120208152801713
"BVR",2014-05-29,"Daphnia",0.43,NA
"BVR",2014-05-29,"Calanoida",NA,NA
"BVR",2014-05-29,"Cyclopoida",0.67,NA
"BVR",2014-05-29,"Nauplii",NA,NA
"BVR",2014-05-29,"Bosmina",NA,NA
"BVR",2014-05-29,"Ceriodaphnia",NA,NA
"BVR",2014-05-29,"Ascomorpha",NA,NA
"BVR",2014-05-29,"Conochilus",NA,NA
"BVR",2014-05-29,"Keratella",NA,NA
"BVR",2014-05-29,"Trichocerca",NA,NA
"BVR",2014-05-29,"Kellicottia",NA,NA
"BVR",2014-05-29,"Polyarthra",NA,NA
"BVR",2014-05-29,"Rotifera",NA,NA
"BVR",2014-05-29,"Cladocera",0.36,0.0989949493661167
"BVR",2014-05-29,"Copepoda",0.67,NA
"BVR",2014-06-04,"Daphnia",0.64,NA
"BVR",2014-06-04,"Calanoida",0.46,NA
"BVR",2014-06-04,"Cyclopoida",0.56,NA
"BVR",2014-06-04,"Nauplii",NA,NA
"BVR",2014-06-04,"Bosmina",NA,NA
"BVR",2014-06-04,"Ceriodaphnia",NA,NA
"BVR",2014-06-04,"Ascomorpha",NA,NA
"BVR",2014-06-04,"Conochilus",NA,NA
"BVR",2014-06-04,"Keratella",NA,NA
"BVR",2014-06-04,"Trichocerca",NA,NA
"BVR",2014-06-04,"Kellicottia",NA,NA
"BVR",2014-06-04,"Polyarthra",NA,NA
"BVR",2014-06-04,"Rotifera",NA,NA
"BVR",2014-06-04,"Cladocera",0.413333333333333,0.241108550933668
"BVR",2014-06-04,"Copepoda",0.51,0.0707106781186548
"BVR",2014-06-18,"Daphnia",0.82,NA
"BVR",2014-06-18,"Calanoida",NA,NA
"BVR",2014-06-18,"Cyclopoida",0.31,NA
"BVR",2014-06-18,"Nauplii",NA,NA
"BVR",2014-06-18,"Bosmina",NA,NA
"BVR",2014-06-18,"Ceriodaphnia",NA,NA
"BVR",2014-06-18,"Ascomorpha",NA,NA
"BVR",2014-06-18,"Conochilus",NA,NA
"BVR",2014-06-18,"Keratella",NA,NA
"BVR",2014-06-18,"Trichocerca",NA,NA
"BVR",2014-06-18,"Kellicottia",NA,NA
"BVR",2014-06-18,"Polyarthra",NA,NA
"BVR",2014-06-18,"Rotifera",NA,NA
"BVR",2014-06-18,"Cladocera",0.67,0.453982378512647
"BVR",2014-06-18,"Copepoda",0.31,NA
"BVR",2014-06-25,"Daphnia",0.54,NA
"BVR",2014-06-25,"Calanoida",NA,NA
"BVR",2014-06-25,"Cyclopoida",0.54,NA
"BVR",2014-06-25,"Nauplii",NA,NA
"BVR",2014-06-25,"Bosmina",0.2,NA
"BVR",2014-06-25,"Ceriodaphnia",NA,NA
"BVR",2014-06-25,"Ascomorpha",NA,NA
"BVR",2014-06-25,"Conochilus",NA,NA
"BVR",2014-06-25,"Keratella",NA,NA
"BVR",2014-06-25,"Trichocerca",NA,NA
"BVR",2014-06-25,"Kellicottia",NA,NA
"BVR",2014-06-25,"Polyarthra",NA,NA
"BVR",2014-06-25,"Rotifera",NA,NA
"BVR",2014-06-25,"Cladocera",0.37,0.240416305603426
"BVR",2014-06-25,"Copepoda",0.54,NA
"BVR",2014-07-02,"Daphnia",0.855,0.0636396103067893
"BVR",2014-07-02,"Calanoida",NA,NA
"BVR",2014-07-02,"Cyclopoida",0.72,NA
"BVR",2014-07-02,"Nauplii",NA,NA
"BVR",2014-07-02,"Bosmina",0.25,NA
"BVR",2014-07-02,"Ceriodaphnia",0.26,NA
"BVR",2014-07-02,"Ascomorpha",NA,NA
"BVR",2014-07-02,"Conochilus",NA,NA
"BVR",2014-07-02,"Keratella",NA,NA
"BVR",2014-07-02,"Trichocerca",NA,NA
"BVR",2014-07-02,"Kellicottia",NA,NA
"BVR",2014-07-02,"Polyarthra",NA,NA
"BVR",2014-07-02,"Rotifera",NA,NA
"BVR",2014-07-02,"Cladocera",0.555,0.348377190221557
"BVR",2014-07-02,"Copepoda",0.72,NA
"BVR",2014-07-09,"Daphnia",0.61,0.240416305603426
"BVR",2014-07-09,"Calanoida",NA,NA
"BVR",2014-07-09,"Cyclopoida",0.79,NA
"BVR",2014-07-09,"Nauplii",NA,NA
"BVR",2014-07-09,"Bosmina",NA,NA
"BVR",2014-07-09,"Ceriodaphnia",0.38,NA
"BVR",2014-07-09,"Ascomorpha",NA,NA
"BVR",2014-07-09,"Conochilus",NA,NA
"BVR",2014-07-09,"Keratella",NA,NA
"BVR",2014-07-09,"Trichocerca",NA,NA
"BVR",2014-07-09,"Kellicottia",NA,NA
"BVR",2014-07-09,"Polyarthra",NA,NA
"BVR",2014-07-09,"Rotifera",NA,NA
"BVR",2014-07-09,"Cladocera",0.475,0.211266025033211
"BVR",2014-07-09,"Copepoda",0.79,NA
"BVR",2014-07-23,"Daphnia",0.82,0.169705627484771
"BVR",2014-07-23,"Calanoida",NA,NA
"BVR",2014-07-23,"Cyclopoida",0.48,NA
"BVR",2014-07-23,"Nauplii",NA,NA
"BVR",2014-07-23,"Bosmina",0.23,NA
"BVR",2014-07-23,"Ceriodaphnia",NA,NA
"BVR",2014-07-23,"Ascomorpha",NA,NA
"BVR",2014-07-23,"Conochilus",NA,NA
"BVR",2014-07-23,"Keratella",NA,NA
"BVR",2014-07-23,"Trichocerca",NA,NA
"BVR",2014-07-23,"Kellicottia",NA,NA
"BVR",2014-07-23,"Polyarthra",NA,NA
"BVR",2014-07-23,"Rotifera",NA,NA
"BVR",2014-07-23,"Cladocera",0.623333333333333,0.361155552820849
"BVR",2014-07-23,"Copepoda",0.48,NA
"BVR",2014-08-13,"Daphnia",0.685,0.0494974746830583
"BVR",2014-08-13,"Calanoida",NA,NA
"BVR",2014-08-13,"Cyclopoida",0.5,NA
"BVR",2014-08-13,"Nauplii",NA,NA
"BVR",2014-08-13,"Bosmina",0.24,NA
"BVR",2014-08-13,"Ceriodaphnia",NA,NA
"BVR",2014-08-13,"Ascomorpha",NA,NA
"BVR",2014-08-13,"Conochilus",NA,NA
"BVR",2014-08-13,"Keratella",NA,NA
"BVR",2014-08-13,"Trichocerca",NA,NA
"BVR",2014-08-13,"Kellicottia",NA,NA
"BVR",2014-08-13,"Polyarthra",NA,NA
"BVR",2014-08-13,"Rotifera",NA,NA
"BVR",2014-08-13,"Cladocera",0.536666666666667,0.259293913027925
"BVR",2014-08-13,"Copepoda",0.5,NA
"BVR",2014-09-04,"Daphnia",0.59,0.0848528137423857
"BVR",2014-09-04,"Calanoida",0.73,NA
"BVR",2014-09-04,"Cyclopoida",0.46,NA
"BVR",2014-09-04,"Nauplii",NA,NA
"BVR",2014-09-04,"Bosmina",NA,NA
"BVR",2014-09-04,"Ceriodaphnia",NA,NA
"BVR",2014-09-04,"Ascomorpha",NA,NA
"BVR",2014-09-04,"Conochilus",NA,NA
"BVR",2014-09-04,"Keratella",NA,NA
"BVR",2014-09-04,"Trichocerca",NA,NA
"BVR",2014-09-04,"Kellicottia",NA,NA
"BVR",2014-09-04,"Polyarthra",NA,NA
"BVR",2014-09-04,"Rotifera",NA,NA
"BVR",2014-09-04,"Cladocera",0.59,0.0848528137423857
"BVR",2014-09-04,"Copepoda",0.595,0.190918830920368
"BVR",2014-09-25,"Daphnia",0.51,NA
"BVR",2014-09-25,"Calanoida",0.59,NA
"BVR",2014-09-25,"Cyclopoida",0.48,NA
"BVR",2014-09-25,"Nauplii",NA,NA
"BVR",2014-09-25,"Bosmina",0.23,NA
"BVR",2014-09-25,"Ceriodaphnia",NA,NA
"BVR",2014-09-25,"Ascomorpha",NA,NA
"BVR",2014-09-25,"Conochilus",NA,NA
"BVR",2014-09-25,"Keratella",NA,NA
"BVR",2014-09-25,"Trichocerca",NA,NA
"BVR",2014-09-25,"Kellicottia",NA,NA
"BVR",2014-09-25,"Polyarthra",NA,NA
"BVR",2014-09-25,"Rotifera",NA,NA
"BVR",2014-09-25,"Cladocera",0.413333333333333,0.158850034099251
"BVR",2014-09-25,"Copepoda",0.535,0.0777817459305202
"BVR",2015-05-14,"Daphnia",NA,NA
"BVR",2015-05-14,"Calanoida",NA,NA
"BVR",2015-05-14,"Cyclopoida",0.55,NA
"BVR",2015-05-14,"Nauplii",NA,NA
"BVR",2015-05-14,"Bosmina",0.26,NA
"BVR",2015-05-14,"Ceriodaphnia",NA,NA
"BVR",2015-05-14,"Ascomorpha",NA,NA
"BVR",2015-05-14,"Conochilus",NA,NA
"BVR",2015-05-14,"Keratella",NA,NA
"BVR",2015-05-14,"Trichocerca",NA,NA
"BVR",2015-05-14,"Kellicottia",NA,NA
"BVR",2015-05-14,"Polyarthra",NA,NA
"BVR",2015-05-14,"Rotifera",NA,NA
"BVR",2015-05-14,"Cladocera",0.26,NA
"BVR",2015-05-14,"Copepoda",0.55,NA
"BVR",2015-05-28,"Daphnia",0.48,NA
"BVR",2015-05-28,"Calanoida",NA,NA
"BVR",2015-05-28,"Cyclopoida",0.48,NA
"BVR",2015-05-28,"Nauplii",NA,NA
"BVR",2015-05-28,"Bosmina",NA,NA
"BVR",2015-05-28,"Ceriodaphnia",0.26,NA
"BVR",2015-05-28,"Ascomorpha",NA,NA
"BVR",2015-05-28,"Conochilus",NA,NA
"BVR",2015-05-28,"Keratella",NA,NA
"BVR",2015-05-28,"Trichocerca",NA,NA
"BVR",2015-05-28,"Kellicottia",NA,NA
"BVR",2015-05-28,"Polyarthra",NA,NA
"BVR",2015-05-28,"Rotifera",NA,NA
"BVR",2015-05-28,"Cladocera",0.3,0.163707055437449
"BVR",2015-05-28,"Copepoda",0.48,NA
"BVR",2015-06-11,"Daphnia",0.53,NA
"BVR",2015-06-11,"Calanoida",0.34,NA
"BVR",2015-06-11,"Cyclopoida",0.36,NA
"BVR",2015-06-11,"Nauplii",NA,NA
"BVR",2015-06-11,"Bosmina",NA,NA
"BVR",2015-06-11,"Ceriodaphnia",0.4,NA
"BVR",2015-06-11,"Ascomorpha",NA,NA
"BVR",2015-06-11,"Conochilus",NA,NA
"BVR",2015-06-11,"Keratella",NA,NA
"BVR",2015-06-11,"Trichocerca",NA,NA
"BVR",2015-06-11,"Kellicottia",NA,NA
"BVR",2015-06-11,"Polyarthra",NA,NA
"BVR",2015-06-11,"Rotifera",NA,NA
"BVR",2015-06-11,"Cladocera",0.465,0.0919238815542512
"BVR",2015-06-11,"Copepoda",0.35,0.0141421356237309
"BVR",2015-06-25,"Daphnia",0.67,NA
"BVR",2015-06-25,"Calanoida",NA,NA
"BVR",2015-06-25,"Cyclopoida",0.49,NA
"BVR",2015-06-25,"Nauplii",NA,NA
"BVR",2015-06-25,"Bosmina",NA,NA
"BVR",2015-06-25,"Ceriodaphnia",0.26,NA
"BVR",2015-06-25,"Ascomorpha",NA,NA
"BVR",2015-06-25,"Conochilus",NA,NA
"BVR",2015-06-25,"Keratella",NA,NA
"BVR",2015-06-25,"Trichocerca",NA,NA
"BVR",2015-06-25,"Kellicottia",NA,NA
"BVR",2015-06-25,"Polyarthra",NA,NA
"BVR",2015-06-25,"Rotifera",NA,NA
"BVR",2015-06-25,"Cladocera",0.465,0.289913780286485
"BVR",2015-06-25,"Copepoda",0.49,NA
"BVR",2015-07-09,"Daphnia",0.615,0.106066017177982
"BVR",2015-07-09,"Calanoida",0.64,NA
"BVR",2015-07-09,"Cyclopoida",0.5,NA
"BVR",2015-07-09,"Nauplii",NA,NA
"BVR",2015-07-09,"Bosmina",NA,NA
"BVR",2015-07-09,"Ceriodaphnia",0.36,NA
"BVR",2015-07-09,"Ascomorpha",NA,NA
"BVR",2015-07-09,"Conochilus",NA,NA
"BVR",2015-07-09,"Keratella",NA,NA
"BVR",2015-07-09,"Trichocerca",NA,NA
"BVR",2015-07-09,"Kellicottia",NA,NA
"BVR",2015-07-09,"Polyarthra",NA,NA
"BVR",2015-07-09,"Rotifera",NA,NA
"BVR",2015-07-09,"Cladocera",0.53,0.165227116418583
"BVR",2015-07-09,"Copepoda",0.57,0.0989949493661167
"BVR",2015-07-23,"Daphnia",NA,NA
"BVR",2015-07-23,"Calanoida",0.46,NA
"BVR",2015-07-23,"Cyclopoida",0.4,NA
"BVR",2015-07-23,"Nauplii",NA,NA
"BVR",2015-07-23,"Bosmina",NA,NA
"BVR",2015-07-23,"Ceriodaphnia",NA,NA
"BVR",2015-07-23,"Ascomorpha",NA,NA
"BVR",2015-07-23,"Conochilus",NA,NA
"BVR",2015-07-23,"Keratella",NA,NA
"BVR",2015-07-23,"Trichocerca",NA,NA
"BVR",2015-07-23,"Kellicottia",NA,NA
"BVR",2015-07-23,"Polyarthra",NA,NA
"BVR",2015-07-23,"Rotifera",NA,NA
"BVR",2015-07-23,"Cladocera",0.22,NA
"BVR",2015-07-23,"Copepoda",0.43,0.0424264068711929
"BVR",2015-07-30,"Daphnia",0.51,0.0282842712474619
"BVR",2015-07-30,"Calanoida",NA,NA
"BVR",2015-07-30,"Cyclopoida",0.33,NA
"BVR",2015-07-30,"Nauplii",NA,NA
"BVR",2015-07-30,"Bosmina",NA,NA
"BVR",2015-07-30,"Ceriodaphnia",NA,NA
"BVR",2015-07-30,"Ascomorpha",NA,NA
"BVR",2015-07-30,"Conochilus",NA,NA
"BVR",2015-07-30,"Keratella",NA,NA
"BVR",2015-07-30,"Trichocerca",NA,NA
"BVR",2015-07-30,"Kellicottia",NA,NA
"BVR",2015-07-30,"Polyarthra",NA,NA
"BVR",2015-07-30,"Rotifera",NA,NA
"BVR",2015-07-30,"Cladocera",0.51,0.0282842712474619
"BVR",2015-07-30,"Copepoda",0.33,NA
"BVR",2015-08-13,"Daphnia",0.58,NA
"BVR",2015-08-13,"Calanoida",NA,NA
"BVR",2015-08-13,"Cyclopoida",0.38,NA
"BVR",2015-08-13,"Nauplii",NA,NA
"BVR",2015-08-13,"Bosmina",NA,NA
"BVR",2015-08-13,"Ceriodaphnia",NA,NA
"BVR",2015-08-13,"Ascomorpha",NA,NA
"BVR",2015-08-13,"Conochilus",NA,NA
"BVR",2015-08-13,"Keratella",NA,NA
"BVR",2015-08-13,"Trichocerca",NA,NA
"BVR",2015-08-13,"Kellicottia",NA,NA
"BVR",2015-08-13,"Polyarthra",NA,NA
"BVR",2015-08-13,"Rotifera",NA,NA
"BVR",2015-08-13,"Cladocera",0.45,0.183847763108502
"BVR",2015-08-13,"Copepoda",0.38,NA
"BVR",2015-09-04,"Daphnia",0.6,0.0989949493661167
"BVR",2015-09-04,"Calanoida",0.5,NA
"BVR",2015-09-04,"Cyclopoida",0.41,NA
"BVR",2015-09-04,"Nauplii",NA,NA
"BVR",2015-09-04,"Bosmina",NA,NA
"BVR",2015-09-04,"Ceriodaphnia",NA,NA
"BVR",2015-09-04,"Ascomorpha",NA,NA
"BVR",2015-09-04,"Conochilus",NA,NA
"BVR",2015-09-04,"Keratella",NA,NA
"BVR",2015-09-04,"Trichocerca",NA,NA
"BVR",2015-09-04,"Kellicottia",NA,NA
"BVR",2015-09-04,"Polyarthra",NA,NA
"BVR",2015-09-04,"Rotifera",NA,NA
"BVR",2015-09-04,"Cladocera",0.486666666666667,0.208406653764541
"BVR",2015-09-04,"Copepoda",0.455,0.0636396103067893
"BVR",2015-09-18,"Daphnia",0.73,0.141421356237309
"BVR",2015-09-18,"Calanoida",0.36,NA
"BVR",2015-09-18,"Cyclopoida",0.41,NA
"BVR",2015-09-18,"Nauplii",NA,NA
"BVR",2015-09-18,"Bosmina",0.19,NA
"BVR",2015-09-18,"Ceriodaphnia",NA,NA
"BVR",2015-09-18,"Ascomorpha",NA,NA
"BVR",2015-09-18,"Conochilus",NA,NA
"BVR",2015-09-18,"Keratella",NA,NA
"BVR",2015-09-18,"Trichocerca",NA,NA
"BVR",2015-09-18,"Kellicottia",NA,NA
"BVR",2015-09-18,"Polyarthra",NA,NA
"BVR",2015-09-18,"Rotifera",NA,NA
"BVR",2015-09-18,"Cladocera",0.55,0.327414110874898
"BVR",2015-09-18,"Copepoda",0.385,0.0353553390593274
"BVR",2015-10-02,"Daphnia",0.66,NA
"BVR",2015-10-02,"Calanoida",0.56,NA
"BVR",2015-10-02,"Cyclopoida",0.44,NA
"BVR",2015-10-02,"Nauplii",NA,NA
"BVR",2015-10-02,"Bosmina",0.16,NA
"BVR",2015-10-02,"Ceriodaphnia",NA,NA
"BVR",2015-10-02,"Ascomorpha",NA,NA
"BVR",2015-10-02,"Conochilus",NA,NA
"BVR",2015-10-02,"Keratella",NA,NA
"BVR",2015-10-02,"Trichocerca",NA,NA
"BVR",2015-10-02,"Kellicottia",NA,NA
"BVR",2015-10-02,"Polyarthra",NA,NA
"BVR",2015-10-02,"Rotifera",NA,NA
"BVR",2015-10-02,"Cladocera",0.41,0.353553390593274
"BVR",2015-10-02,"Copepoda",0.5,0.0848528137423857
"BVR",2015-10-23,"Daphnia",0.69,NA
"BVR",2015-10-23,"Calanoida",0.64,NA
"BVR",2015-10-23,"Cyclopoida",0.51,NA
"BVR",2015-10-23,"Nauplii",NA,NA
"BVR",2015-10-23,"Bosmina",0.3,NA
"BVR",2015-10-23,"Ceriodaphnia",NA,NA
"BVR",2015-10-23,"Ascomorpha",NA,NA
"BVR",2015-10-23,"Conochilus",NA,NA
"BVR",2015-10-23,"Keratella",NA,NA
"BVR",2015-10-23,"Trichocerca",NA,NA
"BVR",2015-10-23,"Kellicottia",NA,NA
"BVR",2015-10-23,"Polyarthra",NA,NA
"BVR",2015-10-23,"Rotifera",NA,NA
"BVR",2015-10-23,"Cladocera",0.566666666666667,0.231156512634477
"BVR",2015-10-23,"Copepoda",0.575,0.0919238815542512
"BVR",2016-04-06,"Daphnia",NA,NA
"BVR",2016-04-06,"Calanoida",NA,NA
"BVR",2016-04-06,"Cyclopoida",1.095,0.275771644662754
"BVR",2016-04-06,"Nauplii",NA,NA
"BVR",2016-04-06,"Bosmina",0.235,0.0212132034355964
"BVR",2016-04-06,"Ceriodaphnia",NA,NA
"BVR",2016-04-06,"Ascomorpha",NA,NA
"BVR",2016-04-06,"Conochilus",NA,NA
"BVR",2016-04-06,"Keratella",NA,NA
"BVR",2016-04-06,"Trichocerca",NA,NA
"BVR",2016-04-06,"Kellicottia",NA,NA
"BVR",2016-04-06,"Polyarthra",NA,NA
"BVR",2016-04-06,"Rotifera",NA,NA
"BVR",2016-04-06,"Cladocera",0.243333333333333,0.0208166599946613
"BVR",2016-04-06,"Copepoda",1.095,0.275771644662754
"BVR",2016-04-20,"Daphnia",0.55,NA
"BVR",2016-04-20,"Calanoida",NA,NA
"BVR",2016-04-20,"Cyclopoida",0.665,0.0494974746830583
"BVR",2016-04-20,"Nauplii",NA,NA
"BVR",2016-04-20,"Bosmina",0.2,NA
"BVR",2016-04-20,"Ceriodaphnia",NA,NA
"BVR",2016-04-20,"Ascomorpha",NA,NA
"BVR",2016-04-20,"Conochilus",NA,NA
"BVR",2016-04-20,"Keratella",NA,NA
"BVR",2016-04-20,"Trichocerca",NA,NA
"BVR",2016-04-20,"Kellicottia",NA,NA
"BVR",2016-04-20,"Polyarthra",NA,NA
"BVR",2016-04-20,"Rotifera",NA,NA
"BVR",2016-04-20,"Cladocera",0.345,0.149777612924406
"BVR",2016-04-20,"Copepoda",0.665,0.0494974746830583
"BVR",2016-05-04,"Daphnia",0.61,0.0707106781186547
"BVR",2016-05-04,"Calanoida",NA,NA
"BVR",2016-05-04,"Cyclopoida",0.54,0.014142135623731
"BVR",2016-05-04,"Nauplii",NA,NA
"BVR",2016-05-04,"Bosmina",NA,NA
"BVR",2016-05-04,"Ceriodaphnia",NA,NA
"BVR",2016-05-04,"Ascomorpha",NA,NA
"BVR",2016-05-04,"Conochilus",NA,NA
"BVR",2016-05-04,"Keratella",NA,NA
"BVR",2016-05-04,"Trichocerca",NA,NA
"BVR",2016-05-04,"Kellicottia",NA,NA
"BVR",2016-05-04,"Polyarthra",NA,NA
"BVR",2016-05-04,"Rotifera",NA,NA
"BVR",2016-05-04,"Cladocera",0.61,0.0707106781186547
"BVR",2016-05-04,"Copepoda",0.54,0.014142135623731
"BVR",2016-05-20,"Daphnia",0.43,NA
"BVR",2016-05-20,"Calanoida",0.49,NA
"BVR",2016-05-20,"Cyclopoida",0.485,0.0212132034355964
"BVR",2016-05-20,"Nauplii",NA,NA
"BVR",2016-05-20,"Bosmina",NA,NA
"BVR",2016-05-20,"Ceriodaphnia",NA,NA
"BVR",2016-05-20,"Ascomorpha",NA,NA
"BVR",2016-05-20,"Conochilus",NA,NA
"BVR",2016-05-20,"Keratella",NA,NA
"BVR",2016-05-20,"Trichocerca",NA,NA
"BVR",2016-05-20,"Kellicottia",NA,NA
"BVR",2016-05-20,"Polyarthra",NA,NA
"BVR",2016-05-20,"Rotifera",NA,NA
"BVR",2016-05-20,"Cladocera",0.43,NA
"BVR",2016-05-20,"Copepoda",0.486666666666667,0.0152752523165195
"BVR",2016-06-02,"Daphnia",0.46,NA
"BVR",2016-06-02,"Calanoida",NA,NA
"BVR",2016-06-02,"Cyclopoida",0.4,0
"BVR",2016-06-02,"Nauplii",NA,NA
"BVR",2016-06-02,"Bosmina",NA,NA
"BVR",2016-06-02,"Ceriodaphnia",NA,NA
"BVR",2016-06-02,"Ascomorpha",NA,NA
"BVR",2016-06-02,"Conochilus",NA,NA
"BVR",2016-06-02,"Keratella",NA,NA
"BVR",2016-06-02,"Trichocerca",NA,NA
"BVR",2016-06-02,"Kellicottia",NA,NA
"BVR",2016-06-02,"Polyarthra",NA,NA
"BVR",2016-06-02,"Rotifera",NA,NA
"BVR",2016-06-02,"Cladocera",0.46,NA
"BVR",2016-06-02,"Copepoda",0.4,0
"BVR",2016-06-23,"Daphnia",0.65,NA
"BVR",2016-06-23,"Calanoida",0.65,NA
"BVR",2016-06-23,"Cyclopoida",0.51,NA
"BVR",2016-06-23,"Nauplii",NA,NA
"BVR",2016-06-23,"Bosmina",NA,NA
"BVR",2016-06-23,"Ceriodaphnia",0.44,NA
"BVR",2016-06-23,"Ascomorpha",NA,NA
"BVR",2016-06-23,"Conochilus",NA,NA
"BVR",2016-06-23,"Keratella",NA,NA
"BVR",2016-06-23,"Trichocerca",NA,NA
"BVR",2016-06-23,"Kellicottia",NA,NA
"BVR",2016-06-23,"Polyarthra",NA,NA
"BVR",2016-06-23,"Rotifera",NA,NA
"BVR",2016-06-23,"Cladocera",0.476666666666667,0.158219257150744
"BVR",2016-06-23,"Copepoda",0.58,0.0989949493661167
"BVR",2016-07-07,"Daphnia",0.76,0.113137084989848
"BVR",2016-07-07,"Calanoida",NA,NA
"BVR",2016-07-07,"Cyclopoida",0.38,NA
"BVR",2016-07-07,"Nauplii",NA,NA
"BVR",2016-07-07,"Bosmina",NA,NA
"BVR",2016-07-07,"Ceriodaphnia",NA,NA
"BVR",2016-07-07,"Ascomorpha",NA,NA
"BVR",2016-07-07,"Conochilus",NA,NA
"BVR",2016-07-07,"Keratella",NA,NA
"BVR",2016-07-07,"Trichocerca",NA,NA
"BVR",2016-07-07,"Kellicottia",NA,NA
"BVR",2016-07-07,"Polyarthra",NA,NA
"BVR",2016-07-07,"Rotifera",NA,NA
"BVR",2016-07-07,"Cladocera",0.76,0.113137084989848
"BVR",2016-07-07,"Copepoda",0.38,NA
"BVR",2016-07-21,"Daphnia",0.47,NA
"BVR",2016-07-21,"Calanoida",0.455,0.0636396103067893
"BVR",2016-07-21,"Cyclopoida",0.43,NA
"BVR",2016-07-21,"Nauplii",NA,NA
"BVR",2016-07-21,"Bosmina",NA,NA
"BVR",2016-07-21,"Ceriodaphnia",0.29,NA
"BVR",2016-07-21,"Ascomorpha",NA,NA
"BVR",2016-07-21,"Conochilus",NA,NA
"BVR",2016-07-21,"Keratella",NA,NA
"BVR",2016-07-21,"Trichocerca",NA,NA
"BVR",2016-07-21,"Kellicottia",NA,NA
"BVR",2016-07-21,"Polyarthra",NA,NA
"BVR",2016-07-21,"Rotifera",NA,NA
"BVR",2016-07-21,"Cladocera",0.38,0.127279220613579
"BVR",2016-07-21,"Copepoda",0.446666666666667,0.0472581562625261
"BVR",2016-08-03,"Daphnia",NA,NA
"BVR",2016-08-03,"Calanoida",0.41,NA
"BVR",2016-08-03,"Cyclopoida",0.45,NA
"BVR",2016-08-03,"Nauplii",NA,NA
"BVR",2016-08-03,"Bosmina",NA,NA
"BVR",2016-08-03,"Ceriodaphnia",0.32,NA
"BVR",2016-08-03,"Ascomorpha",NA,NA
"BVR",2016-08-03,"Conochilus",NA,NA
"BVR",2016-08-03,"Keratella",NA,NA
"BVR",2016-08-03,"Trichocerca",NA,NA
"BVR",2016-08-03,"Kellicottia",NA,NA
"BVR",2016-08-03,"Polyarthra",NA,NA
"BVR",2016-08-03,"Rotifera",NA,NA
"BVR",2016-08-03,"Cladocera",0.32,NA
"BVR",2016-08-03,"Copepoda",0.43,0.0282842712474619
"BVR",2016-08-04,"Daphnia",0.5775,0.0607590871118606
"BVR",2016-08-04,"Calanoida",NA,NA
"BVR",2016-08-04,"Cyclopoida",0.39,NA
"BVR",2016-08-04,"Nauplii",NA,NA
"BVR",2016-08-04,"Bosmina",NA,NA
"BVR",2016-08-04,"Ceriodaphnia",0.3,NA
"BVR",2016-08-04,"Ascomorpha",NA,NA
"BVR",2016-08-04,"Conochilus",NA,NA
"BVR",2016-08-04,"Keratella",NA,NA
"BVR",2016-08-04,"Trichocerca",NA,NA
"BVR",2016-08-04,"Kellicottia",NA,NA
"BVR",2016-08-04,"Polyarthra",NA,NA
"BVR",2016-08-04,"Rotifera",NA,NA
"BVR",2016-08-04,"Cladocera",0.522,0.134796142378037
"BVR",2016-08-04,"Copepoda",0.39,NA
"BVR",2016-08-11,"Daphnia",0.52,NA
"BVR",2016-08-11,"Calanoida",NA,NA
"BVR",2016-08-11,"Cyclopoida",0.42,NA
"BVR",2016-08-11,"Nauplii",NA,NA
"BVR",2016-08-11,"Bosmina",NA,NA
"BVR",2016-08-11,"Ceriodaphnia",NA,NA
"BVR",2016-08-11,"Ascomorpha",NA,NA
"BVR",2016-08-11,"Conochilus",NA,NA
"BVR",2016-08-11,"Keratella",NA,NA
"BVR",2016-08-11,"Trichocerca",NA,NA
"BVR",2016-08-11,"Kellicottia",NA,NA
"BVR",2016-08-11,"Polyarthra",NA,NA
"BVR",2016-08-11,"Rotifera",NA,NA
"BVR",2016-08-11,"Cladocera",0.52,NA
"BVR",2016-08-11,"Copepoda",0.42,NA
"BVR",2016-08-23,"Daphnia",NA,NA
"BVR",2016-08-23,"Calanoida",NA,NA
"BVR",2016-08-23,"Cyclopoida",0.39,NA
"BVR",2016-08-23,"Nauplii",NA,NA
"BVR",2016-08-23,"Bosmina",NA,NA
"BVR",2016-08-23,"Ceriodaphnia",0.35,NA
"BVR",2016-08-23,"Ascomorpha",NA,NA
"BVR",2016-08-23,"Conochilus",NA,NA
"BVR",2016-08-23,"Keratella",NA,NA
"BVR",2016-08-23,"Trichocerca",NA,NA
"BVR",2016-08-23,"Kellicottia",NA,NA
"BVR",2016-08-23,"Polyarthra",NA,NA
"BVR",2016-08-23,"Rotifera",NA,NA
"BVR",2016-08-23,"Cladocera",0.35,NA
"BVR",2016-08-23,"Copepoda",0.39,NA
"BVR",2016-09-06,"Daphnia",0.555,0.00707106781186548
"BVR",2016-09-06,"Calanoida",NA,NA
"BVR",2016-09-06,"Cyclopoida",0.47,NA
"BVR",2016-09-06,"Nauplii",NA,NA
"BVR",2016-09-06,"Bosmina",NA,NA
"BVR",2016-09-06,"Ceriodaphnia",0.37,NA
"BVR",2016-09-06,"Ascomorpha",NA,NA
"BVR",2016-09-06,"Conochilus",NA,NA
"BVR",2016-09-06,"Keratella",NA,NA
"BVR",2016-09-06,"Trichocerca",NA,NA
"BVR",2016-09-06,"Kellicottia",NA,NA
"BVR",2016-09-06,"Polyarthra",NA,NA
"BVR",2016-09-06,"Rotifera",NA,NA
"BVR",2016-09-06,"Cladocera",0.493333333333333,0.106926766215636
"BVR",2016-09-06,"Copepoda",0.47,NA
"BVR",2016-09-27,"Daphnia",NA,NA
"BVR",2016-09-27,"Calanoida",0.625,0.289913780286484
"BVR",2016-09-27,"Cyclopoida",0.39,NA
"BVR",2016-09-27,"Nauplii",NA,NA
"BVR",2016-09-27,"Bosmina",NA,NA
"BVR",2016-09-27,"Ceriodaphnia",0.42,NA
"BVR",2016-09-27,"Ascomorpha",NA,NA
"BVR",2016-09-27,"Conochilus",NA,NA
"BVR",2016-09-27,"Keratella",NA,NA
"BVR",2016-09-27,"Trichocerca",NA,NA
"BVR",2016-09-27,"Kellicottia",NA,NA
"BVR",2016-09-27,"Polyarthra",NA,NA
"BVR",2016-09-27,"Rotifera",NA,NA
"BVR",2016-09-27,"Cladocera",0.42,NA
"BVR",2016-09-27,"Copepoda",0.546666666666667,0.245831920899897
"BVR",2016-10-25,"Daphnia",0.69,NA
"BVR",2016-10-25,"Calanoida",0.68,NA
"BVR",2016-10-25,"Cyclopoida",0.58,NA
"BVR",2016-10-25,"Nauplii",NA,NA
"BVR",2016-10-25,"Bosmina",0.21,NA
"BVR",2016-10-25,"Ceriodaphnia",0.49,NA
"BVR",2016-10-25,"Ascomorpha",NA,NA
"BVR",2016-10-25,"Conochilus",NA,NA
"BVR",2016-10-25,"Keratella",NA,NA
"BVR",2016-10-25,"Trichocerca",NA,NA
"BVR",2016-10-25,"Kellicottia",NA,NA
"BVR",2016-10-25,"Polyarthra",NA,NA
"BVR",2016-10-25,"Rotifera",NA,NA
"BVR",2016-10-25,"Cladocera",0.463333333333333,0.241108550933668
"BVR",2016-10-25,"Copepoda",0.63,0.0707106781186548
"BVR",2019-04-08,"Ascomorpha",NA,NA
"BVR",2019-04-08,"Bosmina",NA,NA
"BVR",2019-04-08,"Calanoida",0.196491228070175,NA
"BVR",2019-04-08,"Ceriodaphnia",0.589473684210526,NA
"BVR",2019-04-08,"Cladocera",0.591387559808612,NA
"BVR",2019-04-08,"Conochilus",NA,NA
"BVR",2019-04-08,"Copepoda",0.319028340080972,NA
"BVR",2019-04-08,"Cyclopoida",0.657894736842105,NA
"BVR",2019-04-08,"Daphnia",0.64812030075188,NA
"BVR",2019-04-08,"Kellicottia",0.115789473684211,NA
"BVR",2019-04-08,"Keratella",0.12,NA
"BVR",2019-04-08,"Nauplii",0.168421052631579,NA
"BVR",2019-04-08,"Polyarthra",0.115789473684211,NA
"BVR",2019-04-08,"Rotifera",0.117408906882591,NA
"BVR",2019-04-08,"Trichocerca",NA,NA
"BVR",2019-04-29,"Ascomorpha",NA,NA
"BVR",2019-04-29,"Bosmina",NA,NA
"BVR",2019-04-29,"Calanoida",NA,NA
"BVR",2019-04-29,"Ceriodaphnia",NA,NA
"BVR",2019-04-29,"Cladocera",0.750657894736842,NA
"BVR",2019-04-29,"Conochilus",0.0842105263157895,NA
"BVR",2019-04-29,"Copepoda",0.303448275862069,NA
"BVR",2019-04-29,"Cyclopoida",0.423481781376518,NA
"BVR",2019-04-29,"Daphnia",0.785964912280702,NA
"BVR",2019-04-29,"Kellicottia",0.111578947368421,NA
"BVR",2019-04-29,"Keratella",0.114473684210526,NA
"BVR",2019-04-29,"Nauplii",0.178195488721805,NA
"BVR",2019-04-29,"Polyarthra",0.0947368421052632,NA
"BVR",2019-04-29,"Rotifera",0.115789473684211,NA
"BVR",2019-04-29,"Trichocerca",NA,NA
"BVR",2019-05-23,"Ascomorpha",NA,NA
"BVR",2019-05-23,"Bosmina",NA,NA
"BVR",2019-05-23,"Calanoida",NA,NA
"BVR",2019-05-23,"Ceriodaphnia",NA,NA
"BVR",2019-05-23,"Cladocera",0.809022556390978,NA
"BVR",2019-05-23,"Conochilus",NA,NA
"BVR",2019-05-23,"Copepoda",0.280332409972299,NA
"BVR",2019-05-23,"Cyclopoida",0.7,NA
"BVR",2019-05-23,"Daphnia",0.831052631578947,NA
"BVR",2019-05-23,"Kellicottia",0.115789473684211,NA
"BVR",2019-05-23,"Keratella",0.103157894736842,NA
"BVR",2019-05-23,"Nauplii",0.168421052631579,NA
"BVR",2019-05-23,"Polyarthra",0.0921052631578947,NA
"BVR",2019-05-23,"Rotifera",0.108771929824561,NA
"BVR",2019-05-23,"Trichocerca",NA,NA
"BVR",2019-06-06,"Ascomorpha",NA,NA
"BVR",2019-06-06,"Bosmina",NA,NA
"BVR",2019-06-06,"Calanoida",NA,NA
"BVR",2019-06-06,"Ceriodaphnia",NA,NA
"BVR",2019-06-06,"Cladocera",0.673684210526316,NA
"BVR",2019-06-06,"Conochilus",NA,NA
"BVR",2019-06-06,"Copepoda",0.17617728531856,NA
"BVR",2019-06-06,"Cyclopoida",0.310526315789474,NA
"BVR",2019-06-06,"Daphnia",0.673684210526316,NA
"BVR",2019-06-06,"Kellicottia",0.105263157894737,NA
"BVR",2019-06-06,"Keratella",0.102105263157895,NA
"BVR",2019-06-06,"Nauplii",0.160371517027864,NA
"BVR",2019-06-06,"Polyarthra",0.115789473684211,NA
"BVR",2019-06-06,"Rotifera",0.121052631578947,NA
"BVR",2019-06-06,"Trichocerca",0.389473684210526,NA
"BVR",2019-06-13,"Ascomorpha",NA,NA
"BVR",2019-06-13,"Bosmina",NA,NA
"BVR",2019-06-13,"Calanoida",0.231578947368421,NA
"BVR",2019-06-13,"Ceriodaphnia",NA,NA
"BVR",2019-06-13,"Cladocera",0.794736842105263,NA
"BVR",2019-06-13,"Conochilus",NA,NA
"BVR",2019-06-13,"Copepoda",0.208049535603715,NA
"BVR",2019-06-13,"Cyclopoida",0.285380116959064,NA
"BVR",2019-06-13,"Daphnia",0.794736842105263,NA
"BVR",2019-06-13,"Kellicottia",0.105263157894737,NA
"BVR",2019-06-13,"Keratella",0.105263157894737,NA
"BVR",2019-06-13,"Nauplii",0.180210526315789,NA
"BVR",2019-06-13,"Polyarthra",0.126315789473684,NA
"BVR",2019-06-13,"Rotifera",0.109695290858726,NA
"BVR",2019-06-13,"Trichocerca",NA,NA
"BVR",2019-06-27,"Ascomorpha",NA,NA
"BVR",2019-06-27,"Bosmina",NA,NA
"BVR",2019-06-27,"Calanoida",0.210526315789474,NA
"BVR",2019-06-27,"Ceriodaphnia",NA,NA
"BVR",2019-06-27,"Cladocera",0.624561403508772,NA
"BVR",2019-06-27,"Conochilus",0.105263157894737,NA
"BVR",2019-06-27,"Copepoda",0.245161290322581,NA
"BVR",2019-06-27,"Cyclopoida",0.388421052631579,NA
"BVR",2019-06-27,"Daphnia",0.624561403508772,NA
"BVR",2019-06-27,"Kellicottia",0.115789473684211,NA
"BVR",2019-06-27,"Keratella",0.0842105263157895,NA
"BVR",2019-06-27,"Nauplii",0.176942355889724,NA
"BVR",2019-06-27,"Polyarthra",NA,NA
"BVR",2019-06-27,"Rotifera",0.122600619195046,NA
"BVR",2019-06-27,"Trichocerca",0.175438596491228,NA
"BVR",2019-07-10,"Ascomorpha",NA,NA
"BVR",2019-07-10,"Bosmina",NA,NA
"BVR",2019-07-10,"Calanoida",0.163157894736842,NA
"BVR",2019-07-10,"Ceriodaphnia",NA,NA
"BVR",2019-07-10,"Cladocera",0.845847953216375,0.198816924207305
"BVR",2019-07-10,"Conochilus",0.0824561403508772,NA
"BVR",2019-07-10,"Copepoda",0.210420470535349,0.0119681879950487
"BVR",2019-07-10,"Cyclopoida",0.350664803033224,0.0226838086333458
"BVR",2019-07-10,"Daphnia",0.887953216374269,0.139271090002123
"BVR",2019-07-10,"Kellicottia",0.103842940685046,0.00213155402208421
"BVR",2019-07-10,"Keratella",0.100417710944027,0.00723496577931839
"BVR",2019-07-10,"Nauplii",0.162093043554159,0.00495188670646196
"BVR",2019-07-10,"Polyarthra",0.171929824561403,0.0334255419004524
"BVR",2019-07-10,"Rotifera",0.124053554939982,0.00834546248360725
"BVR",2019-07-10,"Trichocerca",0.236842105263158,NA
"BVR",2019-07-11,"Ascomorpha",NA,NA
"BVR",2019-07-11,"Bosmina",NA,NA
"BVR",2019-07-11,"Calanoida",NA,NA
"BVR",2019-07-11,"Ceriodaphnia",0.331578947368421,NA
"BVR",2019-07-11,"Cladocera",0.585964912280702,NA
"BVR",2019-07-11,"Conochilus",0.110526315789474,NA
"BVR",2019-07-11,"Copepoda",0.212719298245614,NA
"BVR",2019-07-11,"Cyclopoida",0.35,NA
"BVR",2019-07-11,"Daphnia",1.09473684210526,NA
"BVR",2019-07-11,"Kellicottia",0.106315789473684,NA
"BVR",2019-07-11,"Keratella",0.0982456140350877,NA
"BVR",2019-07-11,"Nauplii",0.154970760233918,NA
"BVR",2019-07-11,"Polyarthra",0.189473684210526,NA
"BVR",2019-07-11,"Rotifera",0.118022328548644,NA
"BVR",2019-07-11,"Trichocerca",0.168421052631579,NA
"BVR",2019-07-18,"Ascomorpha",NA,NA
"BVR",2019-07-18,"Bosmina",NA,NA
"BVR",2019-07-18,"Calanoida",NA,NA
"BVR",2019-07-18,"Ceriodaphnia",NA,NA
"BVR",2019-07-18,"Cladocera",0.789473684210526,NA
"BVR",2019-07-18,"Conochilus",0.112280701754386,NA
"BVR",2019-07-18,"Copepoda",0.205068226120858,NA
"BVR",2019-07-18,"Cyclopoida",0.322105263157895,NA
"BVR",2019-07-18,"Daphnia",0.789473684210526,NA
"BVR",2019-07-18,"Kellicottia",0.110526315789474,NA
"BVR",2019-07-18,"Keratella",0.109473684210526,NA
"BVR",2019-07-18,"Nauplii",0.171428571428571,NA
"BVR",2019-07-18,"Polyarthra",0.175438596491228,NA
"BVR",2019-07-18,"Rotifera",0.121222410865874,NA
"BVR",2019-07-18,"Trichocerca",0.178947368421053,NA
"BVR",2019-07-24,"Ascomorpha",NA,NA
"BVR",2019-07-24,"Bosmina",0.294736842105263,NA
"BVR",2019-07-24,"Calanoida",0.240789473684211,NA
"BVR",2019-07-24,"Ceriodaphnia",0.38421052631579,NA
"BVR",2019-07-24,"Cladocera",0.55,NA
"BVR",2019-07-24,"Conochilus",0.111842105263158,NA
"BVR",2019-07-24,"Copepoda",0.265204678362573,NA
"BVR",2019-07-24,"Cyclopoida",0.311278195488722,NA
"BVR",2019-07-24,"Daphnia",1.13684210526316,NA
"BVR",2019-07-24,"Kellicottia",0.105263157894737,NA
"BVR",2019-07-24,"Keratella",0.115789473684211,NA
"BVR",2019-07-24,"Nauplii",0.195321637426901,NA
"BVR",2019-07-24,"Polyarthra",0.184688995215311,NA
"BVR",2019-07-24,"Rotifera",0.137961926091825,NA
"BVR",2019-07-24,"Trichocerca",0.164912280701754,NA
"BVR",2019-07-25,"Ascomorpha",NA,NA
"BVR",2019-07-25,"Bosmina",NA,NA
"BVR",2019-07-25,"Calanoida",0.198830409356725,NA
"BVR",2019-07-25,"Ceriodaphnia",NA,NA
"BVR",2019-07-25,"Cladocera",0.813273568536726,NA
"BVR",2019-07-25,"Conochilus",0.105263157894737,NA
"BVR",2019-07-25,"Copepoda",0.251691729323308,NA
"BVR",2019-07-25,"Cyclopoida",0.33483709273183,NA
"BVR",2019-07-25,"Daphnia",0.813273568536726,NA
"BVR",2019-07-25,"Kellicottia",0.103508771929825,NA
"BVR",2019-07-25,"Keratella",0.106578947368421,NA
"BVR",2019-07-25,"Nauplii",0.170961887477314,NA
"BVR",2019-07-25,"Polyarthra",0.168421052631579,NA
"BVR",2019-07-25,"Rotifera",0.137593984962406,NA
"BVR",2019-07-25,"Trichocerca",0.168421052631579,NA
"BVR",2019-08-14,"Ascomorpha",NA,NA
"BVR",2019-08-14,"Bosmina",0.221052631578947,NA
"BVR",2019-08-14,"Calanoida",NA,NA
"BVR",2019-08-14,"Ceriodaphnia",0.405263157894737,NA
"BVR",2019-08-14,"Cladocera",0.784962406015038,NA
"BVR",2019-08-14,"Conochilus",NA,NA
"BVR",2019-08-14,"Copepoda",0.230576441102757,NA
"BVR",2019-08-14,"Cyclopoida",0.356390977443609,NA
"BVR",2019-08-14,"Daphnia",1.11578947368421,NA
"BVR",2019-08-14,"Kellicottia",0.105263157894737,NA
"BVR",2019-08-14,"Keratella",0.102105263157895,NA
"BVR",2019-08-14,"Nauplii",0.167669172932331,NA
"BVR",2019-08-14,"Polyarthra",NA,NA
"BVR",2019-08-14,"Rotifera",0.120221606648199,NA
"BVR",2019-08-14,"Trichocerca",0.347368421052632,NA
"BVR",2019-09-04,"Ascomorpha",NA,NA
"BVR",2019-09-04,"Bosmina",0.210526315789474,NA
"BVR",2019-09-04,"Calanoida",0.231578947368421,NA
"BVR",2019-09-04,"Ceriodaphnia",0.455789473684211,NA
"BVR",2019-09-04,"Cladocera",0.441647597254005,NA
"BVR",2019-09-04,"Conochilus",NA,NA
"BVR",2019-09-04,"Copepoda",0.309409888357257,NA
"BVR",2019-09-04,"Cyclopoida",0.496240601503759,NA
"BVR",2019-09-04,"Daphnia",0.621052631578947,NA
"BVR",2019-09-04,"Kellicottia",NA,NA
"BVR",2019-09-04,"Keratella",0.109473684210526,NA
"BVR",2019-09-04,"Nauplii",0.171745152354571,NA
"BVR",2019-09-04,"Polyarthra",0.105263157894737,NA
"BVR",2019-09-04,"Rotifera",0.144298245614035,NA
"BVR",2019-09-04,"Trichocerca",0.28,NA
"BVR",2019-10-04,"Ascomorpha",NA,NA
"BVR",2019-10-04,"Bosmina",0.288157894736842,NA
"BVR",2019-10-04,"Calanoida",0.193421052631579,NA
"BVR",2019-10-04,"Ceriodaphnia",0.481052631578947,NA
"BVR",2019-10-04,"Cladocera",0.426860254083485,NA
"BVR",2019-10-04,"Conochilus",0.115789473684211,NA
"BVR",2019-10-04,"Copepoda",0.259279778393352,NA
"BVR",2019-10-04,"Cyclopoida",0.317813765182186,NA
"BVR",2019-10-04,"Daphnia",0.452631578947368,NA
"BVR",2019-10-04,"Kellicottia",0.105263157894737,NA
"BVR",2019-10-04,"Keratella",0.113684210526316,NA
"BVR",2019-10-04,"Nauplii",0.174812030075188,NA
"BVR",2019-10-04,"Polyarthra",NA,NA
"BVR",2019-10-04,"Rotifera",0.132748538011696,NA
"BVR",2019-10-04,"Trichocerca",NA,NA
"BVR",2019-11-15,"Ascomorpha",NA,NA
"BVR",2019-11-15,"Bosmina",0.333157894736842,NA
"BVR",2019-11-15,"Calanoida",0.215789473684211,NA
"BVR",2019-11-15,"Ceriodaphnia",0.726315789473684,NA
"BVR",2019-11-15,"Cladocera",0.364593301435407,NA
"BVR",2019-11-15,"Conochilus",0.0982456140350877,NA
"BVR",2019-11-15,"Copepoda",0.266985645933014,NA
"BVR",2019-11-15,"Cyclopoida",0.360233918128655,NA
"BVR",2019-11-15,"Daphnia",0.631578947368421,NA
"BVR",2019-11-15,"Kellicottia",NA,NA
"BVR",2019-11-15,"Keratella",0.115789473684211,NA
"BVR",2019-11-15,"Nauplii",0.164736842105263,NA
"BVR",2019-11-15,"Polyarthra",0.142105263157895,NA
"BVR",2019-11-15,"Rotifera",0.122947368421053,NA
"BVR",2019-11-15,"Trichocerca",NA,NA
"BVR",2020-05-14,"Ascomorpha",NA,NA
"BVR",2020-05-14,"Bosmina",NA,NA
"BVR",2020-05-14,"Calanoida",NA,NA
"BVR",2020-05-14,"Ceriodaphnia",NA,NA
"BVR",2020-05-14,"Cladocera",0.628947368421053,NA
"BVR",2020-05-14,"Conochilus",0.112280701754386,NA
"BVR",2020-05-14,"Copepoda",0.219210526315789,NA
"BVR",2020-05-14,"Cyclopoida",0.297368421052632,NA
"BVR",2020-05-14,"Daphnia",0.628947368421053,NA
"BVR",2020-05-14,"Kellicottia",0.110526315789474,NA
"BVR",2020-05-14,"Keratella",NA,NA
"BVR",2020-05-14,"Nauplii",0.141052631578947,NA
"BVR",2020-05-14,"Polyarthra",0.0880382775119617,NA
"BVR",2020-05-14,"Rotifera",0.105263157894737,NA
"BVR",2020-05-14,"Trichocerca",NA,NA
"BVR",2020-06-04,"Ascomorpha",NA,NA
"BVR",2020-06-04,"Bosmina",NA,NA
"BVR",2020-06-04,"Calanoida",NA,NA
"BVR",2020-06-04,"Ceriodaphnia",NA,NA
"BVR",2020-06-04,"Cladocera",0.856140350877193,NA
"BVR",2020-06-04,"Conochilus",NA,NA
"BVR",2020-06-04,"Copepoda",0.24375,NA
"BVR",2020-06-04,"Cyclopoida",0.378947368421053,NA
"BVR",2020-06-04,"Daphnia",0.856140350877193,NA
"BVR",2020-06-04,"Kellicottia",0.105263157894737,NA
"BVR",2020-06-04,"Keratella",0.115789473684211,NA
"BVR",2020-06-04,"Nauplii",0.162631578947368,NA
"BVR",2020-06-04,"Polyarthra",0.0917293233082707,NA
"BVR",2020-06-04,"Rotifera",0.111842105263158,NA
"BVR",2020-06-04,"Trichocerca",0.221052631578947,NA
"BVR",2020-06-25,"Ascomorpha",NA,NA
"BVR",2020-06-25,"Bosmina",NA,NA
"BVR",2020-06-25,"Calanoida",NA,NA
"BVR",2020-06-25,"Ceriodaphnia",NA,NA
"BVR",2020-06-25,"Cladocera",0.755263157894737,NA
"BVR",2020-06-25,"Conochilus",0.105263157894737,NA
"BVR",2020-06-25,"Copepoda",0.196733212341198,NA
"BVR",2020-06-25,"Cyclopoida",0.304093567251462,NA
"BVR",2020-06-25,"Daphnia",0.868421052631579,NA
"BVR",2020-06-25,"Kellicottia",0.107894736842105,NA
"BVR",2020-06-25,"Keratella",0.106072874493927,NA
"BVR",2020-06-25,"Nauplii",0.148421052631579,NA
"BVR",2020-06-25,"Polyarthra",0.0842105263157895,NA
"BVR",2020-06-25,"Rotifera",0.109539473684211,NA
"BVR",2020-06-25,"Trichocerca",0.2,NA
"BVR",2020-07-02,"Ascomorpha",NA,NA
"BVR",2020-07-02,"Bosmina",NA,NA
"BVR",2020-07-02,"Calanoida",NA,NA
"BVR",2020-07-02,"Ceriodaphnia",NA,NA
"BVR",2020-07-02,"Cladocera",0.705263157894737,NA
"BVR",2020-07-02,"Conochilus",NA,NA
"BVR",2020-07-02,"Copepoda",0.226794258373206,NA
"BVR",2020-07-02,"Cyclopoida",0.328947368421053,NA
"BVR",2020-07-02,"Daphnia",0.83859649122807,NA
"BVR",2020-07-02,"Kellicottia",0.110526315789474,NA
"BVR",2020-07-02,"Keratella",0.0957894736842105,NA
"BVR",2020-07-02,"Nauplii",0.151578947368421,NA
"BVR",2020-07-02,"Polyarthra",NA,NA
"BVR",2020-07-02,"Rotifera",0.105263157894737,NA
"BVR",2020-07-02,"Trichocerca",NA,NA
"BVR",2020-08-06,"Ascomorpha",NA,NA
"BVR",2020-08-06,"Bosmina",0.203508771929825,NA
"BVR",2020-08-06,"Calanoida",0.147368421052632,NA
"BVR",2020-08-06,"Ceriodaphnia",0.344736842105263,NA
"BVR",2020-08-06,"Cladocera",0.360233918128655,NA
"BVR",2020-08-06,"Conochilus",0.0926315789473684,NA
"BVR",2020-08-06,"Copepoda",0.17504873294347,NA
"BVR",2020-08-06,"Cyclopoida",0.339473684210526,NA
"BVR",2020-08-06,"Daphnia",0.626315789473684,NA
"BVR",2020-08-06,"Kellicottia",0.115789473684211,NA
"BVR",2020-08-06,"Keratella",0.0992481203007519,NA
"BVR",2020-08-06,"Nauplii",0.146453089244851,NA
"BVR",2020-08-06,"Polyarthra",NA,NA
"BVR",2020-08-06,"Rotifera",0.132894736842105,NA
"BVR",2020-08-06,"Trichocerca",0.268421052631579,NA
"BVR",2020-08-12,"Ascomorpha",NA,NA
"BVR",2020-08-12,"Bosmina",NA,NA
"BVR",2020-08-12,"Calanoida",0.148421052631579,0.00148864585512905
"BVR",2020-08-12,"Ceriodaphnia",0.40219298245614,0.0663687943745268
"BVR",2020-08-12,"Cladocera",0.382894736842105,0.124674090367102
"BVR",2020-08-12,"Conochilus",NA,NA
"BVR",2020-08-12,"Copepoda",0.219,0.0631930165502507
"BVR",2020-08-12,"Cyclopoida",NA,NA
"BVR",2020-08-12,"Daphnia",0.321052631578947,0.305172400301563
"BVR",2020-08-12,"Kellicottia",0.126315789473684,NA
"BVR",2020-08-12,"Keratella",0.114542936288088,0.00920609936724836
"BVR",2020-08-12,"Nauplii",0.155570175438597,0.010110386432755
"BVR",2020-08-12,"Polyarthra",NA,NA
"BVR",2020-08-12,"Rotifera",0.143233082706766,0.0393427833141388
"BVR",2020-08-12,"Trichocerca",0.221052631578948,0.133978126961662
"BVR",2020-08-13,"Ascomorpha",NA,NA
"BVR",2020-08-13,"Bosmina",0.210526315789474,0.0148864585512955
"BVR",2020-08-13,"Calanoida",0.189473684210526,0.0446593756538871
"BVR",2020-08-13,"Ceriodaphnia",0.423031938821413,0.0451683144077775
"BVR",2020-08-13,"Cladocera",0.40694042799306,0.04171480143495
"BVR",2020-08-13,"Conochilus",0.126315789473684,0.0148864585512955
"BVR",2020-08-13,"Copepoda",0.230311890838207,0.0685052768517963
"BVR",2020-08-13,"Cyclopoida",NA,NA
"BVR",2020-08-13,"Daphnia",0.91578947368421,NA
"BVR",2020-08-13,"Kellicottia",0.105263157894737,0
"BVR",2020-08-13,"Keratella",0.111902834008098,0.00251924683175756
"BVR",2020-08-13,"Nauplii",0.166992481203007,0.000956986621154994
"BVR",2020-08-13,"Polyarthra",0.136842105263158,NA
"BVR",2020-08-13,"Rotifera",0.129540229885058,0.015972998916821
"BVR",2020-08-13,"Trichocerca",0.236842105263158,0.111648439134719
"BVR",2020-09-03,"Ascomorpha",NA,NA
"BVR",2020-09-03,"Bosmina",0.194736842105263,NA
"BVR",2020-09-03,"Calanoida",0.173684210526316,NA
"BVR",2020-09-03,"Ceriodaphnia",0.470445344129555,NA
"BVR",2020-09-03,"Cladocera",0.433684210526316,NA
"BVR",2020-09-03,"Conochilus",0.115789473684211,NA
"BVR",2020-09-03,"Copepoda",0.253070175438597,NA
"BVR",2020-09-03,"Cyclopoida",0.299368421052632,NA
"BVR",2020-09-03,"Daphnia",NA,NA
"BVR",2020-09-03,"Kellicottia",NA,NA
"BVR",2020-09-03,"Keratella",0.115789473684211,NA
"BVR",2020-09-03,"Nauplii",0.174162679425837,NA
"BVR",2020-09-03,"Polyarthra",NA,NA
"BVR",2020-09-03,"Rotifera",0.161556064073227,NA
"BVR",2020-09-03,"Trichocerca",0.305263157894737,NA
"BVR",2020-10-01,"Ascomorpha",NA,NA
"BVR",2020-10-01,"Bosmina",0.267368421052632,NA
"BVR",2020-10-01,"Calanoida",NA,NA
"BVR",2020-10-01,"Ceriodaphnia",0.573684210526316,NA
"BVR",2020-10-01,"Cladocera",0.390092879256966,NA
"BVR",2020-10-01,"Conochilus",NA,NA
"BVR",2020-10-01,"Copepoda",0.216776315789474,NA
"BVR",2020-10-01,"Cyclopoida",0.322488038277512,NA
"BVR",2020-10-01,"Daphnia",0.515789473684211,NA
"BVR",2020-10-01,"Kellicottia",NA,NA
"BVR",2020-10-01,"Keratella",0.115789473684211,NA
"BVR",2020-10-01,"Nauplii",0.16140350877193,NA
"BVR",2020-10-01,"Polyarthra",0.189473684210526,NA
"BVR",2020-10-01,"Rotifera",0.235627530364372,NA
"BVR",2020-10-01,"Trichocerca",0.335087719298246,NA
"BVR",2020-11-10,"Ascomorpha",NA,NA
"BVR",2020-11-10,"Bosmina",0.310526315789474,NA
"BVR",2020-11-10,"Calanoida",0.168421052631579,NA
"BVR",2020-11-10,"Ceriodaphnia",NA,NA
"BVR",2020-11-10,"Cladocera",0.519298245614035,NA
"BVR",2020-11-10,"Conochilus",NA,NA
"BVR",2020-11-10,"Copepoda",0.282957393483709,NA
"BVR",2020-11-10,"Cyclopoida",0.285645933014354,NA
"BVR",2020-11-10,"Daphnia",0.936842105263158,NA
"BVR",2020-11-10,"Kellicottia",NA,NA
"BVR",2020-11-10,"Keratella",0.0947368421052632,NA
"BVR",2020-11-10,"Nauplii",0.15719298245614,NA
"BVR",2020-11-10,"Polyarthra",0.185645933014354,NA
"BVR",2020-11-10,"Rotifera",0.156275303643725,NA
"BVR",2020-11-10,"Trichocerca",NA,NA
"BVR",2020-12-02,"Ascomorpha",0.136842105263158,NA
"BVR",2020-12-02,"Bosmina",0.335338345864662,NA
"BVR",2020-12-02,"Calanoida",0.224561403508772,NA
"BVR",2020-12-02,"Ceriodaphnia",NA,NA
"BVR",2020-12-02,"Cladocera",0.349282296650718,NA
"BVR",2020-12-02,"Conochilus",0.107894736842105,NA
"BVR",2020-12-02,"Copepoda",0.266315789473684,NA
"BVR",2020-12-02,"Cyclopoida",0.299122807017544,NA
"BVR",2020-12-02,"Daphnia",0.642105263157895,NA
"BVR",2020-12-02,"Kellicottia",NA,NA
"BVR",2020-12-02,"Keratella",0.115789473684211,NA
"BVR",2020-12-02,"Nauplii",0.217105263157895,NA
"BVR",2020-12-02,"Polyarthra",0.178947368421053,NA
"BVR",2020-12-02,"Rotifera",0.183157894736842,NA
"BVR",2020-12-02,"Trichocerca",NA,NA
"BVR",2021-03-08,"Ascomorpha",NA,NA
"BVR",2021-03-08,"Bosmina",0.329323308270677,NA
"BVR",2021-03-08,"Calanoida",0.315789473684211,NA
"BVR",2021-03-08,"Ceriodaphnia",NA,NA
"BVR",2021-03-08,"Cladocera",0.403157894736842,NA
"BVR",2021-03-08,"Conochilus",0.111578947368421,NA
"BVR",2021-03-08,"Copepoda",0.315789473684211,NA
"BVR",2021-03-08,"Cyclopoida",NA,NA
"BVR",2021-03-08,"Daphnia",0.575438596491228,NA
"BVR",2021-03-08,"Kellicottia",NA,NA
"BVR",2021-03-08,"Keratella",0.12280701754386,NA
"BVR",2021-03-08,"Nauplii",0.315789473684211,NA
"BVR",2021-03-08,"Polyarthra",0.116842105263158,NA
"BVR",2021-03-08,"Rotifera",0.118005540166205,NA
"BVR",2021-03-08,"Trichocerca",NA,NA
"BVR",2021-04-05,"Ascomorpha",NA,NA
"BVR",2021-04-05,"Bosmina",0.473684210526316,NA
"BVR",2021-04-05,"Calanoida",0.155263157894737,NA
"BVR",2021-04-05,"Ceriodaphnia",NA,NA
"BVR",2021-04-05,"Cladocera",0.486842105263158,NA
"BVR",2021-04-05,"Conochilus",0.121804511278195,NA
"BVR",2021-04-05,"Copepoda",0.271804511278195,NA
"BVR",2021-04-05,"Cyclopoida",0.357236842105263,NA
"BVR",2021-04-05,"Daphnia",0.576842105263158,NA
"BVR",2021-04-05,"Kellicottia",0.107894736842105,NA
"BVR",2021-04-05,"Keratella",0.0982456140350877,NA
"BVR",2021-04-05,"Nauplii",0.157894736842105,NA
"BVR",2021-04-05,"Polyarthra",0.116959064327485,NA
"BVR",2021-04-05,"Rotifera",0.151235230934479,NA
"BVR",2021-04-05,"Trichocerca",NA,NA
"BVR",2021-05-14,"Ascomorpha",NA,NA
"BVR",2021-05-14,"Bosmina",NA,NA
"BVR",2021-05-14,"Calanoida",NA,NA
"BVR",2021-05-14,"Ceriodaphnia",NA,NA
"BVR",2021-05-14,"Cladocera",NA,NA
"BVR",2021-05-14,"Conochilus",0.103759398496241,NA
"BVR",2021-05-14,"Copepoda",0.17165991902834,NA
"BVR",2021-05-14,"Cyclopoida",0.256140350877193,NA
"BVR",2021-05-14,"Daphnia",NA,NA
"BVR",2021-05-14,"Kellicottia",0.115789473684211,NA
"BVR",2021-05-14,"Keratella",0.105263157894737,NA
"BVR",2021-05-14,"Nauplii",0.146315789473684,NA
"BVR",2021-05-14,"Polyarthra",0.110526315789474,NA
"BVR",2021-05-14,"Rotifera",0.130769230769231,NA
"BVR",2021-05-14,"Trichocerca",NA,NA
"BVR",2021-06-15,"Ascomorpha",NA,NA
"BVR",2021-06-15,"Bosmina",0.294736842105263,NA
"BVR",2021-06-15,"Calanoida",0.257894736842106,0.0372161463782398
"BVR",2021-06-15,"Ceriodaphnia",0.370175438596491,0.0917998277329905
"BVR",2021-06-15,"Cladocera",0.729733424470266,0.0750122846480879
"BVR",2021-06-15,"Conochilus",0.11875,0.00325641280809542
"BVR",2021-06-15,"Copepoda",0.241052631578947,0.00148864585512976
"BVR",2021-06-15,"Cyclopoida",0.294216066481994,0.00700447049729372
"BVR",2021-06-15,"Daphnia",0.835029239766082,0.077823097204274
"BVR",2021-06-15,"Kellicottia",NA,NA
"BVR",2021-06-15,"Keratella",0.115789473684211,0
"BVR",2021-06-15,"Nauplii",0.181537176274018,0.00697064328989252
"BVR",2021-06-15,"Polyarthra",NA,NA
"BVR",2021-06-15,"Rotifera",0.12389594676346,0.00838432723004028
"BVR",2021-06-15,"Trichocerca",NA,NA
"BVR",2021-06-16,"Ascomorpha",NA,NA
"BVR",2021-06-16,"Bosmina",NA,NA
"BVR",2021-06-16,"Calanoida",0.157017543859649,0.0235702260395521
"BVR",2021-06-16,"Ceriodaphnia",0.48421052631579,0.20841041971814
"BVR",2021-06-16,"Cladocera",0.786370829033368,0.0220767153286862
"BVR",2021-06-16,"Conochilus",0.111578947368421,NA
"BVR",2021-06-16,"Copepoda",0.232368421052632,0.0160029429426433
"BVR",2021-06-16,"Cyclopoida",0.299912280701754,0.000620269106303873
"BVR",2021-06-16,"Daphnia",0.855432330827067,0.0430378149902637
"BVR",2021-06-16,"Kellicottia",0.105263157894737,NA
"BVR",2021-06-16,"Keratella",0.115789473684211,0
"BVR",2021-06-16,"Nauplii",0.176784897025172,0.0157116861449
"BVR",2021-06-16,"Polyarthra",NA,NA
"BVR",2021-06-16,"Rotifera",0.125328947368421,0.0153516603810241
"BVR",2021-06-16,"Trichocerca",0.182456140350877,NA
"BVR",2021-06-28,"Ascomorpha",NA,NA
"BVR",2021-06-28,"Bosmina",NA,NA
"BVR",2021-06-28,"Calanoida",0.189473684210526,NA
"BVR",2021-06-28,"Ceriodaphnia",0.449122807017544,NA
"BVR",2021-06-28,"Cladocera",0.686315789473684,NA
"BVR",2021-06-28,"Conochilus",NA,NA
"BVR",2021-06-28,"Copepoda",0.228947368421053,NA
"BVR",2021-06-28,"Cyclopoida",0.31859649122807,NA
"BVR",2021-06-28,"Daphnia",1.04210526315789,NA
"BVR",2021-06-28,"Kellicottia",NA,NA
"BVR",2021-06-28,"Keratella",0.114736842105263,NA
"BVR",2021-06-28,"Nauplii",0.164912280701754,NA
"BVR",2021-06-28,"Polyarthra",NA,NA
"BVR",2021-06-28,"Rotifera",0.11497975708502,NA
"BVR",2021-06-28,"Trichocerca",NA,NA
"BVR",2021-07-07,"Ascomorpha",NA,NA
"BVR",2021-07-07,"Bosmina",0.254385964912281,0.0173675349765117
"BVR",2021-07-07,"Calanoida",0.221052631578947,NA
"BVR",2021-07-07,"Ceriodaphnia",0.326315789473684,NA
"BVR",2021-07-07,"Cladocera",0.521315789473685,0.0338666932041976
"BVR",2021-07-07,"Conochilus",0.119298245614035,NA
"BVR",2021-07-07,"Copepoda",0.239447302466693,0.0119110323120335
"BVR",2021-07-07,"Cyclopoida",0.283184569611163,0.0157860301206724
"BVR",2021-07-07,"Daphnia",0.944736842105263,0.0260513024647676
"BVR",2021-07-07,"Kellicottia",0.102631578947369,0.011164843913472
"BVR",2021-07-07,"Keratella",0.115263157894737,0.000744322927565233
"BVR",2021-07-07,"Nauplii",0.167192982456141,0.0042178299228666
"BVR",2021-07-07,"Polyarthra",0.11578947368421,0.0148864585512955
"BVR",2021-07-07,"Rotifera",0.12427786638313,0.0015287440599814
"BVR",2021-07-07,"Trichocerca",0.181578947368421,0.0111648439134714
"BVR",2021-07-08,"Ascomorpha",NA,NA
"BVR",2021-07-08,"Bosmina",0.271578947368421,NA
"BVR",2021-07-08,"Calanoida",NA,NA
"BVR",2021-07-08,"Ceriodaphnia",NA,NA
"BVR",2021-07-08,"Cladocera",0.489473684210526,0.186080731891197
"BVR",2021-07-08,"Conochilus",0.136842105263158,NA
"BVR",2021-07-08,"Copepoda",0.208096349745331,0.0229749677843085
"BVR",2021-07-08,"Cyclopoida",0.288684210526315,0.0718271625100019
"BVR",2021-07-08,"Daphnia",0.597368421052632,0.033494531740415
"BVR",2021-07-08,"Kellicottia",0.115789473684211,NA
"BVR",2021-07-08,"Keratella",0.115789473684211,0
"BVR",2021-07-08,"Nauplii",0.162593984962406,0.0103673550625093
"BVR",2021-07-08,"Polyarthra",0.115789473684211,NA
"BVR",2021-07-08,"Rotifera",0.133040935672515,0.000413512737535687
"BVR",2021-07-08,"Trichocerca",0.307894736842105,0.0855971366699502
"BVR",2021-07-26,"Ascomorpha",NA,NA
"BVR",2021-07-26,"Bosmina",0.226315789473684,NA
"BVR",2021-07-26,"Calanoida",NA,NA
"BVR",2021-07-26,"Ceriodaphnia",0.357894736842105,NA
"BVR",2021-07-26,"Cladocera",0.365789473684211,NA
"BVR",2021-07-26,"Conochilus",NA,NA
"BVR",2021-07-26,"Copepoda",0.218306636155606,NA
"BVR",2021-07-26,"Cyclopoida",0.268421052631579,NA
"BVR",2021-07-26,"Daphnia",0.652631578947368,NA
"BVR",2021-07-26,"Kellicottia",0.105263157894737,NA
"BVR",2021-07-26,"Keratella",0.111842105263158,NA
"BVR",2021-07-26,"Nauplii",0.163636363636364,NA
"BVR",2021-07-26,"Polyarthra",0.189473684210526,NA
"BVR",2021-07-26,"Rotifera",0.118796992481203,NA
"BVR",2021-07-26,"Trichocerca",NA,NA
"BVR",2021-08-23,"Ascomorpha",NA,NA
"BVR",2021-08-23,"Bosmina",0.248621553884712,NA
"BVR",2021-08-23,"Calanoida",0.189473684210526,NA
"BVR",2021-08-23,"Ceriodaphnia",0.475187969924812,NA
"BVR",2021-08-23,"Cladocera",0.348830409356725,NA
"BVR",2021-08-23,"Conochilus",NA,NA
"BVR",2021-08-23,"Copepoda",0.371052631578947,NA
"BVR",2021-08-23,"Cyclopoida",0.484829721362229,NA
"BVR",2021-08-23,"Daphnia",NA,NA
"BVR",2021-08-23,"Kellicottia",0.106766917293233,NA
"BVR",2021-08-23,"Keratella",0.109473684210526,NA
"BVR",2021-08-23,"Nauplii",0.195215311004785,NA
"BVR",2021-08-23,"Polyarthra",NA,NA
"BVR",2021-08-23,"Rotifera",0.11733746130031,NA
"BVR",2021-08-23,"Trichocerca",0.189473684210526,NA
"BVR",2021-09-21,"Ascomorpha",NA,NA
"BVR",2021-09-21,"Bosmina",0.244078947368421,NA
"BVR",2021-09-21,"Calanoida",0.20233918128655,NA
"BVR",2021-09-21,"Ceriodaphnia",0.459649122807018,NA
"BVR",2021-09-21,"Cladocera",0.321739130434783,NA
"BVR",2021-09-21,"Conochilus",NA,NA
"BVR",2021-09-21,"Copepoda",0.281676413255361,NA
"BVR",2021-09-21,"Cyclopoida",0.334736842105263,NA
"BVR",2021-09-21,"Daphnia",0.757894736842105,NA
"BVR",2021-09-21,"Kellicottia",0.105263157894737,NA
"BVR",2021-09-21,"Keratella",0.111842105263158,NA
"BVR",2021-09-21,"Nauplii",0.193233082706767,NA
"BVR",2021-09-21,"Polyarthra",0.110526315789474,NA
"BVR",2021-09-21,"Rotifera",0.16,NA
"BVR",2021-09-21,"Trichocerca",0.318796992481203,NA
"BVR",2021-10-26,"Ascomorpha",NA,NA
"BVR",2021-10-26,"Bosmina",0.32200956937799,NA
"BVR",2021-10-26,"Calanoida",0.2,NA
"BVR",2021-10-26,"Ceriodaphnia",NA,NA
"BVR",2021-10-26,"Cladocera",0.32200956937799,NA
"BVR",2021-10-26,"Conochilus",0.114285714285714,NA
"BVR",2021-10-26,"Copepoda",0.301385041551247,NA
"BVR",2021-10-26,"Cyclopoida",0.298245614035088,NA
"BVR",2021-10-26,"Daphnia",NA,NA
"BVR",2021-10-26,"Kellicottia",0.105263157894737,NA
"BVR",2021-10-26,"Keratella",0.114912280701754,NA
"BVR",2021-10-26,"Nauplii",0.202631578947368,NA
"BVR",2021-10-26,"Polyarthra",0.150877192982456,NA
"BVR",2021-10-26,"Rotifera",0.117073170731707,NA
"BVR",2021-10-26,"Trichocerca",NA,NA
"BVR",2021-11-09,"Ascomorpha",NA,NA
"BVR",2021-11-09,"Bosmina",0.32200956937799,NA
"BVR",2021-11-09,"Calanoida",0.184210526315789,NA
"BVR",2021-11-09,"Ceriodaphnia",NA,NA
"BVR",2021-11-09,"Cladocera",0.32200956937799,NA
"BVR",2021-11-09,"Conochilus",NA,NA
"BVR",2021-11-09,"Copepoda",0.37923186344239,NA
"BVR",2021-11-09,"Cyclopoida",0.448421052631579,NA
"BVR",2021-11-09,"Daphnia",NA,NA
"BVR",2021-11-09,"Kellicottia",0.109473684210526,NA
"BVR",2021-11-09,"Keratella",0.111842105263158,NA
"BVR",2021-11-09,"Nauplii",0.154655870445344,NA
"BVR",2021-11-09,"Polyarthra",0.171929824561404,NA
"BVR",2021-11-09,"Rotifera",0.133603238866397,NA
"BVR",2021-11-09,"Trichocerca",NA,NA
"BVR",2021-12-06,"Ascomorpha",NA,NA
"BVR",2021-12-06,"Bosmina",0.319028340080972,NA
"BVR",2021-12-06,"Calanoida",0.211336032388664,NA
"BVR",2021-12-06,"Ceriodaphnia",NA,NA
"BVR",2021-12-06,"Cladocera",0.319028340080972,NA
"BVR",2021-12-06,"Conochilus",0.128947368421053,NA
"BVR",2021-12-06,"Copepoda",0.291666666666667,NA
"BVR",2021-12-06,"Cyclopoida",0.331384015594542,NA
"BVR",2021-12-06,"Daphnia",NA,NA
"BVR",2021-12-06,"Kellicottia",0.111578947368421,NA
"BVR",2021-12-06,"Keratella",0.115789473684211,NA
"BVR",2021-12-06,"Nauplii",0.217728531855956,NA
"BVR",2021-12-06,"Polyarthra",0.184688995215311,NA
"BVR",2021-12-06,"Rotifera",0.138304093567251,NA
"BVR",2021-12-06,"Trichocerca",NA,NA
