"Reservoir","DateTime","Taxon","biom","sd"
"BVR",2014-04-04,"Daphnia",0,NA
"BVR",2014-04-04,"Calanoida",0,NA
"BVR",2014-04-04,"Cyclopoida",8.38709677419355,NA
"BVR",2014-04-04,"Nauplii",0,NA
"BVR",2014-04-04,"Bosmina",0.32258064516129,NA
"BVR",2014-04-04,"Ceriodaphnia",0,NA
"BVR",2014-04-04,"Ascomorpha",0,NA
"BVR",2014-04-04,"Conochilus",0,NA
"BVR",2014-04-04,"Keratella",0,NA
"BVR",2014-04-04,"Trichocerca",0,NA
"BVR",2014-04-04,"Kellicottia",0,NA
"BVR",2014-04-04,"Polyarthra",0,NA
"BVR",2014-04-04,"Rotifera",0,NA
"BVR",2014-04-04,"Cladocera",20.9677419354839,0.445477272147525
"BVR",2014-04-04,"Copepoda",8.38709677419355,NA
"BVR",2014-04-17,"Daphnia",12.5806451612903,NA
"BVR",2014-04-17,"Calanoida",20.9677419354839,NA
"BVR",2014-04-17,"Cyclopoida",31.9354838709677,NA
"BVR",2014-04-17,"Nauplii",0,NA
"BVR",2014-04-17,"Bosmina",21.9354838709677,NA
"BVR",2014-04-17,"Ceriodaphnia",0,NA
"BVR",2014-04-17,"Ascomorpha",0,NA
"BVR",2014-04-17,"Conochilus",0,NA
"BVR",2014-04-17,"Keratella",0,NA
"BVR",2014-04-17,"Trichocerca",0,NA
"BVR",2014-04-17,"Kellicottia",0,NA
"BVR",2014-04-17,"Polyarthra",0,NA
"BVR",2014-04-17,"Rotifera",0,NA
"BVR",2014-04-17,"Cladocera",66.4516129032258,0.300055550412475
"BVR",2014-04-17,"Copepoda",52.9032258064516,0.240416305603426
"BVR",2014-04-30,"Daphnia",48.7096774193548,0.81317279836453
"BVR",2014-04-30,"Calanoida",91.2903225806452,NA
"BVR",2014-04-30,"Cyclopoida",20.6451612903226,NA
"BVR",2014-04-30,"Nauplii",0,NA
"BVR",2014-04-30,"Bosmina",35.8064516129032,NA
"BVR",2014-04-30,"Ceriodaphnia",0,NA
"BVR",2014-04-30,"Ascomorpha",0,NA
"BVR",2014-04-30,"Conochilus",0,NA
"BVR",2014-04-30,"Keratella",0,NA
"BVR",2014-04-30,"Trichocerca",0,NA
"BVR",2014-04-30,"Kellicottia",0,NA
"BVR",2014-04-30,"Polyarthra",0,NA
"BVR",2014-04-30,"Rotifera",0,NA
"BVR",2014-04-30,"Cladocera",127.096774193548,0.546168472176855
"BVR",2014-04-30,"Copepoda",111.935483870968,1.54856385079854
"BVR",2014-05-14,"Daphnia",94.1935483870968,NA
"BVR",2014-05-14,"Calanoida",15.4838709677419,NA
"BVR",2014-05-14,"Cyclopoida",199.677419354839,NA
"BVR",2014-05-14,"Nauplii",0,NA
"BVR",2014-05-14,"Bosmina",8.38709677419355,NA
"BVR",2014-05-14,"Ceriodaphnia",0,NA
"BVR",2014-05-14,"Ascomorpha",0,NA
"BVR",2014-05-14,"Conochilus",0,NA
"BVR",2014-05-14,"Keratella",0,NA
"BVR",2014-05-14,"Trichocerca",0,NA
"BVR",2014-05-14,"Kellicottia",0,NA
"BVR",2014-05-14,"Polyarthra",0,NA
"BVR",2014-05-14,"Rotifera",0,NA
"BVR",2014-05-14,"Cladocera",105.161290322581,1.59026203291575
"BVR",2014-05-14,"Copepoda",215.161290322581,4.03757972057519
"BVR",2014-05-29,"Daphnia",4.51612903225806,NA
"BVR",2014-05-29,"Calanoida",0,NA
"BVR",2014-05-29,"Cyclopoida",150.967741935484,NA
"BVR",2014-05-29,"Nauplii",0,NA
"BVR",2014-05-29,"Bosmina",0,NA
"BVR",2014-05-29,"Ceriodaphnia",0,NA
"BVR",2014-05-29,"Ascomorpha",0,NA
"BVR",2014-05-29,"Conochilus",0,NA
"BVR",2014-05-29,"Keratella",0,NA
"BVR",2014-05-29,"Trichocerca",0,NA
"BVR",2014-05-29,"Kellicottia",0,NA
"BVR",2014-05-29,"Polyarthra",0,NA
"BVR",2014-05-29,"Rotifera",0,NA
"BVR",2014-05-29,"Cladocera",38.7096774193548,0.650538238691624
"BVR",2014-05-29,"Copepoda",150.967741935484,NA
"BVR",2014-06-04,"Daphnia",84.5161290322581,NA
"BVR",2014-06-04,"Calanoida",0.645161290322581,NA
"BVR",2014-06-04,"Cyclopoida",354.838709677419,NA
"BVR",2014-06-04,"Nauplii",0,NA
"BVR",2014-06-04,"Bosmina",0,NA
"BVR",2014-06-04,"Ceriodaphnia",0,NA
"BVR",2014-06-04,"Ascomorpha",0,NA
"BVR",2014-06-04,"Conochilus",0,NA
"BVR",2014-06-04,"Keratella",0,NA
"BVR",2014-06-04,"Trichocerca",0,NA
"BVR",2014-06-04,"Kellicottia",0,NA
"BVR",2014-06-04,"Polyarthra",0,NA
"BVR",2014-06-04,"Rotifera",0,NA
"BVR",2014-06-04,"Cladocera",85.4838709677419,1.50400576240031
"BVR",2014-06-04,"Copepoda",355.483870967742,7.76403245742829
"BVR",2014-06-18,"Daphnia",79.3548387096774,NA
"BVR",2014-06-18,"Calanoida",0,NA
"BVR",2014-06-18,"Cyclopoida",2.58064516129032,NA
"BVR",2014-06-18,"Nauplii",0,NA
"BVR",2014-06-18,"Bosmina",0,NA
"BVR",2014-06-18,"Ceriodaphnia",0,NA
"BVR",2014-06-18,"Ascomorpha",0,NA
"BVR",2014-06-18,"Conochilus",0,NA
"BVR",2014-06-18,"Keratella",0,NA
"BVR",2014-06-18,"Trichocerca",0,NA
"BVR",2014-06-18,"Kellicottia",0,NA
"BVR",2014-06-18,"Polyarthra",0,NA
"BVR",2014-06-18,"Rotifera",0,NA
"BVR",2014-06-18,"Cladocera",86.7741935483871,1.35795188918214
"BVR",2014-06-18,"Copepoda",2.58064516129032,NA
"BVR",2014-06-25,"Daphnia",104.516129032258,NA
"BVR",2014-06-25,"Calanoida",0,NA
"BVR",2014-06-25,"Cyclopoida",262.258064516129,NA
"BVR",2014-06-25,"Nauplii",0,NA
"BVR",2014-06-25,"Bosmina",0.32258064516129,NA
"BVR",2014-06-25,"Ceriodaphnia",0,NA
"BVR",2014-06-25,"Ascomorpha",0,NA
"BVR",2014-06-25,"Conochilus",0,NA
"BVR",2014-06-25,"Keratella",0,NA
"BVR",2014-06-25,"Trichocerca",0,NA
"BVR",2014-06-25,"Kellicottia",0,NA
"BVR",2014-06-25,"Polyarthra",0,NA
"BVR",2014-06-25,"Rotifera",0,NA
"BVR",2014-06-25,"Cladocera",104.838709677419,2.28395490323255
"BVR",2014-06-25,"Copepoda",262.258064516129,NA
"BVR",2014-07-02,"Daphnia",153.548387096774,1.81019335983756
"BVR",2014-07-02,"Calanoida",0,NA
"BVR",2014-07-02,"Cyclopoida",123.225806451613,NA
"BVR",2014-07-02,"Nauplii",0,NA
"BVR",2014-07-02,"Bosmina",5.48387096774194,NA
"BVR",2014-07-02,"Ceriodaphnia",0,NA
"BVR",2014-07-02,"Ascomorpha",0,NA
"BVR",2014-07-02,"Conochilus",0,NA
"BVR",2014-07-02,"Keratella",0,NA
"BVR",2014-07-02,"Trichocerca",0,NA
"BVR",2014-07-02,"Kellicottia",0,NA
"BVR",2014-07-02,"Polyarthra",0,NA
"BVR",2014-07-02,"Rotifera",0,NA
"BVR",2014-07-02,"Cladocera",159.032258064516,1.68901105186832
"BVR",2014-07-02,"Copepoda",123.225806451613,NA
"BVR",2014-07-09,"Daphnia",15.1612903225806,0.289913780286484
"BVR",2014-07-09,"Calanoida",0,NA
"BVR",2014-07-09,"Cyclopoida",156.451612903226,NA
"BVR",2014-07-09,"Nauplii",0,NA
"BVR",2014-07-09,"Bosmina",0,NA
"BVR",2014-07-09,"Ceriodaphnia",2.25806451612903,NA
"BVR",2014-07-09,"Ascomorpha",0,NA
"BVR",2014-07-09,"Conochilus",0,NA
"BVR",2014-07-09,"Keratella",0,NA
"BVR",2014-07-09,"Trichocerca",0,NA
"BVR",2014-07-09,"Kellicottia",0,NA
"BVR",2014-07-09,"Polyarthra",0,NA
"BVR",2014-07-09,"Rotifera",0,NA
"BVR",2014-07-09,"Cladocera",17.4193548387097,0.205345237750153
"BVR",2014-07-09,"Copepoda",156.451612903226,NA
"BVR",2014-07-23,"Daphnia",180.645161290323,3.153696244092
"BVR",2014-07-23,"Calanoida",0,NA
"BVR",2014-07-23,"Cyclopoida",142.258064516129,NA
"BVR",2014-07-23,"Nauplii",0,NA
"BVR",2014-07-23,"Bosmina",1.61290322580645,NA
"BVR",2014-07-23,"Ceriodaphnia",0,NA
"BVR",2014-07-23,"Ascomorpha",0,NA
"BVR",2014-07-23,"Conochilus",0,NA
"BVR",2014-07-23,"Keratella",0,NA
"BVR",2014-07-23,"Trichocerca",0,NA
"BVR",2014-07-23,"Kellicottia",0,NA
"BVR",2014-07-23,"Polyarthra",0,NA
"BVR",2014-07-23,"Rotifera",0,NA
"BVR",2014-07-23,"Cladocera",182.258064516129,2.73746841686499
"BVR",2014-07-23,"Copepoda",142.258064516129,NA
"BVR",2014-08-13,"Daphnia",124.516129032258,2.3758787847868
"BVR",2014-08-13,"Calanoida",0,NA
"BVR",2014-08-13,"Cyclopoida",118.709677419355,NA
"BVR",2014-08-13,"Nauplii",0,NA
"BVR",2014-08-13,"Bosmina",2.25806451612903,NA
"BVR",2014-08-13,"Ceriodaphnia",0,NA
"BVR",2014-08-13,"Ascomorpha",0,NA
"BVR",2014-08-13,"Conochilus",0,NA
"BVR",2014-08-13,"Keratella",0,NA
"BVR",2014-08-13,"Trichocerca",0,NA
"BVR",2014-08-13,"Kellicottia",0,NA
"BVR",2014-08-13,"Polyarthra",0,NA
"BVR",2014-08-13,"Rotifera",0,NA
"BVR",2014-08-13,"Cladocera",126.774193548387,1.99389066901874
"BVR",2014-08-13,"Copepoda",118.709677419355,NA
"BVR",2014-09-04,"Daphnia",152.258064516129,0.452548339959391
"BVR",2014-09-04,"Calanoida",5.80645161290323,NA
"BVR",2014-09-04,"Cyclopoida",304.516129032258,NA
"BVR",2014-09-04,"Nauplii",0,NA
"BVR",2014-09-04,"Bosmina",0,NA
"BVR",2014-09-04,"Ceriodaphnia",0,NA
"BVR",2014-09-04,"Ascomorpha",0,NA
"BVR",2014-09-04,"Conochilus",0,NA
"BVR",2014-09-04,"Keratella",0,NA
"BVR",2014-09-04,"Trichocerca",0,NA
"BVR",2014-09-04,"Kellicottia",0,NA
"BVR",2014-09-04,"Polyarthra",0,NA
"BVR",2014-09-04,"Rotifera",0,NA
"BVR",2014-09-04,"Cladocera",152.258064516129,0.452548339959391
"BVR",2014-09-04,"Copepoda",310.322580645161,6.54780879378743
"BVR",2014-09-25,"Daphnia",55.8064516129032,NA
"BVR",2014-09-25,"Calanoida",38.0645161290323,NA
"BVR",2014-09-25,"Cyclopoida",465.161290322581,NA
"BVR",2014-09-25,"Nauplii",0,NA
"BVR",2014-09-25,"Bosmina",17.0967741935484,NA
"BVR",2014-09-25,"Ceriodaphnia",0,NA
"BVR",2014-09-25,"Ascomorpha",0,NA
"BVR",2014-09-25,"Conochilus",0,NA
"BVR",2014-09-25,"Keratella",0,NA
"BVR",2014-09-25,"Trichocerca",0,NA
"BVR",2014-09-25,"Kellicottia",0,NA
"BVR",2014-09-25,"Polyarthra",0,NA
"BVR",2014-09-25,"Rotifera",0,NA
"BVR",2014-09-25,"Cladocera",75.8064516129032,0.84884234892784
"BVR",2014-09-25,"Copepoda",503.225806451613,9.36209378290989
"BVR",2015-05-14,"Daphnia",0,NA
"BVR",2015-05-14,"Calanoida",0,NA
"BVR",2015-05-14,"Cyclopoida",61.2903225806452,NA
"BVR",2015-05-14,"Nauplii",0,NA
"BVR",2015-05-14,"Bosmina",1.29032258064516,NA
"BVR",2015-05-14,"Ceriodaphnia",0,NA
"BVR",2015-05-14,"Ascomorpha",0,NA
"BVR",2015-05-14,"Conochilus",0,NA
"BVR",2015-05-14,"Keratella",0,NA
"BVR",2015-05-14,"Trichocerca",0,NA
"BVR",2015-05-14,"Kellicottia",0,NA
"BVR",2015-05-14,"Polyarthra",0,NA
"BVR",2015-05-14,"Rotifera",0,NA
"BVR",2015-05-14,"Cladocera",1.29032258064516,NA
"BVR",2015-05-14,"Copepoda",61.2903225806452,NA
"BVR",2015-05-28,"Daphnia",1.93548387096774,NA
"BVR",2015-05-28,"Calanoida",0,NA
"BVR",2015-05-28,"Cyclopoida",187.741935483871,NA
"BVR",2015-05-28,"Nauplii",0,NA
"BVR",2015-05-28,"Bosmina",0,NA
"BVR",2015-05-28,"Ceriodaphnia",0.32258064516129,NA
"BVR",2015-05-28,"Ascomorpha",0,NA
"BVR",2015-05-28,"Conochilus",0,NA
"BVR",2015-05-28,"Keratella",0,NA
"BVR",2015-05-28,"Trichocerca",0,NA
"BVR",2015-05-28,"Kellicottia",0,NA
"BVR",2015-05-28,"Polyarthra",0,NA
"BVR",2015-05-28,"Rotifera",0,NA
"BVR",2015-05-28,"Cladocera",2.58064516129032,0.0288675134594813
"BVR",2015-05-28,"Copepoda",187.741935483871,NA
"BVR",2015-06-11,"Daphnia",48.0645161290323,NA
"BVR",2015-06-11,"Calanoida",0.32258064516129,NA
"BVR",2015-06-11,"Cyclopoida",18.0645161290323,NA
"BVR",2015-06-11,"Nauplii",0,NA
"BVR",2015-06-11,"Bosmina",0,NA
"BVR",2015-06-11,"Ceriodaphnia",1.29032258064516,NA
"BVR",2015-06-11,"Ascomorpha",0,NA
"BVR",2015-06-11,"Conochilus",0,NA
"BVR",2015-06-11,"Keratella",0,NA
"BVR",2015-06-11,"Trichocerca",0,NA
"BVR",2015-06-11,"Kellicottia",0,NA
"BVR",2015-06-11,"Polyarthra",0,NA
"BVR",2015-06-11,"Rotifera",0,NA
"BVR",2015-06-11,"Cladocera",49.3548387096774,1.02530483272049
"BVR",2015-06-11,"Copepoda",18.3870967741936,0.388908729652601
"BVR",2015-06-25,"Daphnia",13.8709677419355,NA
"BVR",2015-06-25,"Calanoida",0,NA
"BVR",2015-06-25,"Cyclopoida",42.258064516129,NA
"BVR",2015-06-25,"Nauplii",0,NA
"BVR",2015-06-25,"Bosmina",0,NA
"BVR",2015-06-25,"Ceriodaphnia",0.32258064516129,NA
"BVR",2015-06-25,"Ascomorpha",0,NA
"BVR",2015-06-25,"Conochilus",0,NA
"BVR",2015-06-25,"Keratella",0,NA
"BVR",2015-06-25,"Trichocerca",0,NA
"BVR",2015-06-25,"Kellicottia",0,NA
"BVR",2015-06-25,"Polyarthra",0,NA
"BVR",2015-06-25,"Rotifera",0,NA
"BVR",2015-06-25,"Cladocera",14.1935483870968,0.29698484809835
"BVR",2015-06-25,"Copepoda",42.258064516129,NA
"BVR",2015-07-09,"Daphnia",111.612903225806,1.45663996924429
"BVR",2015-07-09,"Calanoida",17.0967741935484,NA
"BVR",2015-07-09,"Cyclopoida",202.903225806452,NA
"BVR",2015-07-09,"Nauplii",0,NA
"BVR",2015-07-09,"Bosmina",0,NA
"BVR",2015-07-09,"Ceriodaphnia",0.967741935483871,NA
"BVR",2015-07-09,"Ascomorpha",0,NA
"BVR",2015-07-09,"Conochilus",0,NA
"BVR",2015-07-09,"Keratella",0,NA
"BVR",2015-07-09,"Trichocerca",0,NA
"BVR",2015-07-09,"Kellicottia",0,NA
"BVR",2015-07-09,"Polyarthra",0,NA
"BVR",2015-07-09,"Rotifera",0,NA
"BVR",2015-07-09,"Cladocera",112.58064516129,1.42275554236606
"BVR",2015-07-09,"Copepoda",220,4.07293505963451
"BVR",2015-07-23,"Daphnia",0,NA
"BVR",2015-07-23,"Calanoida",0.967741935483871,NA
"BVR",2015-07-23,"Cyclopoida",53.2258064516129,NA
"BVR",2015-07-23,"Nauplii",0,NA
"BVR",2015-07-23,"Bosmina",0,NA
"BVR",2015-07-23,"Ceriodaphnia",0,NA
"BVR",2015-07-23,"Ascomorpha",0,NA
"BVR",2015-07-23,"Conochilus",0,NA
"BVR",2015-07-23,"Keratella",0,NA
"BVR",2015-07-23,"Trichocerca",0,NA
"BVR",2015-07-23,"Kellicottia",0,NA
"BVR",2015-07-23,"Polyarthra",0,NA
"BVR",2015-07-23,"Rotifera",0,NA
"BVR",2015-07-23,"Cladocera",0.645161290322581,NA
"BVR",2015-07-23,"Copepoda",54.1935483870968,1.14551298552221
"BVR",2015-07-30,"Daphnia",9.03225806451613,0.0848528137423857
"BVR",2015-07-30,"Calanoida",0,NA
"BVR",2015-07-30,"Cyclopoida",20.6451612903226,NA
"BVR",2015-07-30,"Nauplii",0,NA
"BVR",2015-07-30,"Bosmina",0,NA
"BVR",2015-07-30,"Ceriodaphnia",0,NA
"BVR",2015-07-30,"Ascomorpha",0,NA
"BVR",2015-07-30,"Conochilus",0,NA
"BVR",2015-07-30,"Keratella",0,NA
"BVR",2015-07-30,"Trichocerca",0,NA
"BVR",2015-07-30,"Kellicottia",0,NA
"BVR",2015-07-30,"Polyarthra",0,NA
"BVR",2015-07-30,"Rotifera",0,NA
"BVR",2015-07-30,"Cladocera",9.03225806451613,0.0848528137423857
"BVR",2015-07-30,"Copepoda",20.6451612903226,NA
"BVR",2015-08-13,"Daphnia",6.45161290322581,NA
"BVR",2015-08-13,"Calanoida",0,NA
"BVR",2015-08-13,"Cyclopoida",21.6129032258065,NA
"BVR",2015-08-13,"Nauplii",0,NA
"BVR",2015-08-13,"Bosmina",0,NA
"BVR",2015-08-13,"Ceriodaphnia",0,NA
"BVR",2015-08-13,"Ascomorpha",0,NA
"BVR",2015-08-13,"Conochilus",0,NA
"BVR",2015-08-13,"Keratella",0,NA
"BVR",2015-08-13,"Trichocerca",0,NA
"BVR",2015-08-13,"Kellicottia",0,NA
"BVR",2015-08-13,"Polyarthra",0,NA
"BVR",2015-08-13,"Rotifera",0,NA
"BVR",2015-08-13,"Cladocera",6.7741935483871,0.134350288425444
"BVR",2015-08-13,"Copepoda",21.6129032258065,NA
"BVR",2015-09-04,"Daphnia",54.1935483870968,0.240416305603426
"BVR",2015-09-04,"Calanoida",2.25806451612903,NA
"BVR",2015-09-04,"Cyclopoida",53.5483870967742,NA
"BVR",2015-09-04,"Nauplii",0,NA
"BVR",2015-09-04,"Bosmina",0,NA
"BVR",2015-09-04,"Ceriodaphnia",0,NA
"BVR",2015-09-04,"Ascomorpha",0,NA
"BVR",2015-09-04,"Conochilus",0,NA
"BVR",2015-09-04,"Keratella",0,NA
"BVR",2015-09-04,"Trichocerca",0,NA
"BVR",2015-09-04,"Kellicottia",0,NA
"BVR",2015-09-04,"Polyarthra",0,NA
"BVR",2015-09-04,"Rotifera",0,NA
"BVR",2015-09-04,"Cladocera",55.1612903225806,0.497594212184989
"BVR",2015-09-04,"Copepoda",55.8064516129032,1.12429978208661
"BVR",2015-09-18,"Daphnia",20,0.127279220613579
"BVR",2015-09-18,"Calanoida",0.967741935483871,NA
"BVR",2015-09-18,"Cyclopoida",90.6451612903226,NA
"BVR",2015-09-18,"Nauplii",0,NA
"BVR",2015-09-18,"Bosmina",0.967741935483871,NA
"BVR",2015-09-18,"Ceriodaphnia",0,NA
"BVR",2015-09-18,"Ascomorpha",0,NA
"BVR",2015-09-18,"Conochilus",0,NA
"BVR",2015-09-18,"Keratella",0,NA
"BVR",2015-09-18,"Trichocerca",0,NA
"BVR",2015-09-18,"Kellicottia",0,NA
"BVR",2015-09-18,"Polyarthra",0,NA
"BVR",2015-09-18,"Rotifera",0,NA
"BVR",2015-09-18,"Cladocera",20.9677419354839,0.185022521151706
"BVR",2015-09-18,"Copepoda",91.6129032258064,1.9657568516986
"BVR",2015-10-02,"Daphnia",207.096774193548,NA
"BVR",2015-10-02,"Calanoida",13.2258064516129,NA
"BVR",2015-10-02,"Cyclopoida",120,NA
"BVR",2015-10-02,"Nauplii",0,NA
"BVR",2015-10-02,"Bosmina",0.645161290322581,NA
"BVR",2015-10-02,"Ceriodaphnia",0,NA
"BVR",2015-10-02,"Ascomorpha",0,NA
"BVR",2015-10-02,"Conochilus",0,NA
"BVR",2015-10-02,"Keratella",0,NA
"BVR",2015-10-02,"Trichocerca",0,NA
"BVR",2015-10-02,"Kellicottia",0,NA
"BVR",2015-10-02,"Polyarthra",0,NA
"BVR",2015-10-02,"Rotifera",0,NA
"BVR",2015-10-02,"Cladocera",207.741935483871,4.5254833995939
"BVR",2015-10-02,"Copepoda",133.225806451613,2.34052344572747
"BVR",2015-10-23,"Daphnia",173.548387096774,NA
"BVR",2015-10-23,"Calanoida",56.7741935483871,NA
"BVR",2015-10-23,"Cyclopoida",425.806451612903,NA
"BVR",2015-10-23,"Nauplii",0,NA
"BVR",2015-10-23,"Bosmina",10,NA
"BVR",2015-10-23,"Ceriodaphnia",0,NA
"BVR",2015-10-23,"Ascomorpha",0,NA
"BVR",2015-10-23,"Conochilus",0,NA
"BVR",2015-10-23,"Keratella",0,NA
"BVR",2015-10-23,"Trichocerca",0,NA
"BVR",2015-10-23,"Kellicottia",0,NA
"BVR",2015-10-23,"Polyarthra",0,NA
"BVR",2015-10-23,"Rotifera",0,NA
"BVR",2015-10-23,"Cladocera",198.387096774194,2.88483968358729
"BVR",2015-10-23,"Copepoda",482.58064516129,8.0893015767741
"BVR",2016-04-06,"Daphnia",0,NA
"BVR",2016-04-06,"Calanoida",0,NA
"BVR",2016-04-06,"Cyclopoida",1387.09677419355,14.82095813367
"BVR",2016-04-06,"Nauplii",0,NA
"BVR",2016-04-06,"Bosmina",4.51612903225806,0.0707106781186548
"BVR",2016-04-06,"Ceriodaphnia",0,NA
"BVR",2016-04-06,"Ascomorpha",0,NA
"BVR",2016-04-06,"Conochilus",0,NA
"BVR",2016-04-06,"Keratella",0,NA
"BVR",2016-04-06,"Trichocerca",0,NA
"BVR",2016-04-06,"Kellicottia",0,NA
"BVR",2016-04-06,"Polyarthra",0,NA
"BVR",2016-04-06,"Rotifera",0,NA
"BVR",2016-04-06,"Cladocera",5.16129032258065,0.0577350269189626
"BVR",2016-04-06,"Copepoda",1387.09677419355,14.82095813367
"BVR",2016-04-20,"Daphnia",28.0645161290323,NA
"BVR",2016-04-20,"Calanoida",0,NA
"BVR",2016-04-20,"Cyclopoida",405.161290322581,0.74953318805774
"BVR",2016-04-20,"Nauplii",0,NA
"BVR",2016-04-20,"Bosmina",0.967741935483871,NA
"BVR",2016-04-20,"Ceriodaphnia",0,NA
"BVR",2016-04-20,"Ascomorpha",0,NA
"BVR",2016-04-20,"Conochilus",0,NA
"BVR",2016-04-20,"Keratella",0,NA
"BVR",2016-04-20,"Trichocerca",0,NA
"BVR",2016-04-20,"Kellicottia",0,NA
"BVR",2016-04-20,"Polyarthra",0,NA
"BVR",2016-04-20,"Rotifera",0,NA
"BVR",2016-04-20,"Cladocera",52.9032258064516,0.361939221417077
"BVR",2016-04-20,"Copepoda",405.161290322581,0.74953318805774
"BVR",2016-05-04,"Daphnia",45.4838709677419,0.233345237791561
"BVR",2016-05-04,"Calanoida",0,NA
"BVR",2016-05-04,"Cyclopoida",180,2.91327993848858
"BVR",2016-05-04,"Nauplii",0,NA
"BVR",2016-05-04,"Bosmina",0,NA
"BVR",2016-05-04,"Ceriodaphnia",0,NA
"BVR",2016-05-04,"Ascomorpha",0,NA
"BVR",2016-05-04,"Conochilus",0,NA
"BVR",2016-05-04,"Keratella",0,NA
"BVR",2016-05-04,"Trichocerca",0,NA
"BVR",2016-05-04,"Kellicottia",0,NA
"BVR",2016-05-04,"Polyarthra",0,NA
"BVR",2016-05-04,"Rotifera",0,NA
"BVR",2016-05-04,"Cladocera",45.4838709677419,0.233345237791561
"BVR",2016-05-04,"Copepoda",180,2.91327993848858
"BVR",2016-05-20,"Daphnia",1.61290322580645,NA
"BVR",2016-05-20,"Calanoida",0.967741935483871,NA
"BVR",2016-05-20,"Cyclopoida",121.935483870968,2.00818325856979
"BVR",2016-05-20,"Nauplii",0,NA
"BVR",2016-05-20,"Bosmina",0,NA
"BVR",2016-05-20,"Ceriodaphnia",0,NA
"BVR",2016-05-20,"Ascomorpha",0,NA
"BVR",2016-05-20,"Conochilus",0,NA
"BVR",2016-05-20,"Keratella",0,NA
"BVR",2016-05-20,"Trichocerca",0,NA
"BVR",2016-05-20,"Kellicottia",0,NA
"BVR",2016-05-20,"Polyarthra",0,NA
"BVR",2016-05-20,"Rotifera",0,NA
"BVR",2016-05-20,"Cladocera",1.61290322580645,NA
"BVR",2016-05-20,"Copepoda",122.903225806452,1.78033704674143
"BVR",2016-06-02,"Daphnia",9.03225806451613,NA
"BVR",2016-06-02,"Calanoida",0,NA
"BVR",2016-06-02,"Cyclopoida",65.1612903225806,1.01823376490863
"BVR",2016-06-02,"Nauplii",0,NA
"BVR",2016-06-02,"Bosmina",0,NA
"BVR",2016-06-02,"Ceriodaphnia",0,NA
"BVR",2016-06-02,"Ascomorpha",0,NA
"BVR",2016-06-02,"Conochilus",0,NA
"BVR",2016-06-02,"Keratella",0,NA
"BVR",2016-06-02,"Trichocerca",0,NA
"BVR",2016-06-02,"Kellicottia",0,NA
"BVR",2016-06-02,"Polyarthra",0,NA
"BVR",2016-06-02,"Rotifera",0,NA
"BVR",2016-06-02,"Cladocera",9.03225806451613,NA
"BVR",2016-06-02,"Copepoda",65.1612903225806,1.01823376490863
"BVR",2016-06-23,"Daphnia",110.645161290323,NA
"BVR",2016-06-23,"Calanoida",8.38709677419355,NA
"BVR",2016-06-23,"Cyclopoida",356.774193548387,NA
"BVR",2016-06-23,"Nauplii",0,NA
"BVR",2016-06-23,"Bosmina",0,NA
"BVR",2016-06-23,"Ceriodaphnia",1.93548387096774,NA
"BVR",2016-06-23,"Ascomorpha",0,NA
"BVR",2016-06-23,"Conochilus",0,NA
"BVR",2016-06-23,"Keratella",0,NA
"BVR",2016-06-23,"Trichocerca",0,NA
"BVR",2016-06-23,"Kellicottia",0,NA
"BVR",2016-06-23,"Polyarthra",0,NA
"BVR",2016-06-23,"Rotifera",0,NA
"BVR",2016-06-23,"Cladocera",114.838709677419,1.94279008987933
"BVR",2016-06-23,"Copepoda",365.161290322581,7.63675323681471
"BVR",2016-07-07,"Daphnia",105.161290322581,1.13137084989848
"BVR",2016-07-07,"Calanoida",0,NA
"BVR",2016-07-07,"Cyclopoida",37.0967741935484,NA
"BVR",2016-07-07,"Nauplii",0,NA
"BVR",2016-07-07,"Bosmina",0,NA
"BVR",2016-07-07,"Ceriodaphnia",0,NA
"BVR",2016-07-07,"Ascomorpha",0,NA
"BVR",2016-07-07,"Conochilus",0,NA
"BVR",2016-07-07,"Keratella",0,NA
"BVR",2016-07-07,"Trichocerca",0,NA
"BVR",2016-07-07,"Kellicottia",0,NA
"BVR",2016-07-07,"Polyarthra",0,NA
"BVR",2016-07-07,"Rotifera",0,NA
"BVR",2016-07-07,"Cladocera",105.161290322581,1.13137084989848
"BVR",2016-07-07,"Copepoda",37.0967741935484,NA
"BVR",2016-07-21,"Daphnia",3.54838709677419,NA
"BVR",2016-07-21,"Calanoida",0.967741935483871,0.00707106781186548
"BVR",2016-07-21,"Cyclopoida",58.3870967741936,NA
"BVR",2016-07-21,"Nauplii",0,NA
"BVR",2016-07-21,"Bosmina",0,NA
"BVR",2016-07-21,"Ceriodaphnia",1.93548387096774,NA
"BVR",2016-07-21,"Ascomorpha",0,NA
"BVR",2016-07-21,"Conochilus",0,NA
"BVR",2016-07-21,"Keratella",0,NA
"BVR",2016-07-21,"Trichocerca",0,NA
"BVR",2016-07-21,"Kellicottia",0,NA
"BVR",2016-07-21,"Polyarthra",0,NA
"BVR",2016-07-21,"Rotifera",0,NA
"BVR",2016-07-21,"Cladocera",5.48387096774194,0.0353553390593274
"BVR",2016-07-21,"Copepoda",59.3548387096774,1.03635579476034
"BVR",2016-08-03,"Daphnia",0,NA
"BVR",2016-08-03,"Calanoida",1.93548387096774,NA
"BVR",2016-08-03,"Cyclopoida",489.032258064516,NA
"BVR",2016-08-03,"Nauplii",0,NA
"BVR",2016-08-03,"Bosmina",0,NA
"BVR",2016-08-03,"Ceriodaphnia",11.2903225806452,NA
"BVR",2016-08-03,"Ascomorpha",0,NA
"BVR",2016-08-03,"Conochilus",0,NA
"BVR",2016-08-03,"Keratella",0,NA
"BVR",2016-08-03,"Trichocerca",0,NA
"BVR",2016-08-03,"Kellicottia",0,NA
"BVR",2016-08-03,"Polyarthra",0,NA
"BVR",2016-08-03,"Rotifera",0,NA
"BVR",2016-08-03,"Cladocera",11.2903225806452,NA
"BVR",2016-08-03,"Copepoda",490.967741935484,10.6773123959169
"BVR",2016-08-04,"Daphnia",23.2258064516129,0.135154232884755
"BVR",2016-08-04,"Calanoida",0,NA
"BVR",2016-08-04,"Cyclopoida",25.4838709677419,NA
"BVR",2016-08-04,"Nauplii",0,NA
"BVR",2016-08-04,"Bosmina",0,NA
"BVR",2016-08-04,"Ceriodaphnia",0.645161290322581,NA
"BVR",2016-08-04,"Ascomorpha",0,NA
"BVR",2016-08-04,"Conochilus",0,NA
"BVR",2016-08-04,"Keratella",0,NA
"BVR",2016-08-04,"Trichocerca",0,NA
"BVR",2016-08-04,"Kellicottia",0,NA
"BVR",2016-08-04,"Polyarthra",0,NA
"BVR",2016-08-04,"Rotifera",0,NA
"BVR",2016-08-04,"Cladocera",23.8709677419355,0.13718600511714
"BVR",2016-08-04,"Copepoda",25.4838709677419,NA
"BVR",2016-08-11,"Daphnia",5.16129032258065,NA
"BVR",2016-08-11,"Calanoida",0,NA
"BVR",2016-08-11,"Cyclopoida",68.3870967741936,NA
"BVR",2016-08-11,"Nauplii",0,NA
"BVR",2016-08-11,"Bosmina",0,NA
"BVR",2016-08-11,"Ceriodaphnia",0,NA
"BVR",2016-08-11,"Ascomorpha",0,NA
"BVR",2016-08-11,"Conochilus",0,NA
"BVR",2016-08-11,"Keratella",0,NA
"BVR",2016-08-11,"Trichocerca",0,NA
"BVR",2016-08-11,"Kellicottia",0,NA
"BVR",2016-08-11,"Polyarthra",0,NA
"BVR",2016-08-11,"Rotifera",0,NA
"BVR",2016-08-11,"Cladocera",5.16129032258065,NA
"BVR",2016-08-11,"Copepoda",68.3870967741936,NA
"BVR",2016-08-23,"Daphnia",0,NA
"BVR",2016-08-23,"Calanoida",0,NA
"BVR",2016-08-23,"Cyclopoida",132.903225806452,NA
"BVR",2016-08-23,"Nauplii",0,NA
"BVR",2016-08-23,"Bosmina",0,NA
"BVR",2016-08-23,"Ceriodaphnia",33.8709677419355,NA
"BVR",2016-08-23,"Ascomorpha",0,NA
"BVR",2016-08-23,"Conochilus",0,NA
"BVR",2016-08-23,"Keratella",0,NA
"BVR",2016-08-23,"Trichocerca",0,NA
"BVR",2016-08-23,"Kellicottia",0,NA
"BVR",2016-08-23,"Polyarthra",0,NA
"BVR",2016-08-23,"Rotifera",0,NA
"BVR",2016-08-23,"Cladocera",33.8709677419355,NA
"BVR",2016-08-23,"Copepoda",132.903225806452,NA
"BVR",2016-09-06,"Daphnia",15.8064516129032,0.120208152801713
"BVR",2016-09-06,"Calanoida",0,NA
"BVR",2016-09-06,"Cyclopoida",215.483870967742,NA
"BVR",2016-09-06,"Nauplii",0,NA
"BVR",2016-09-06,"Bosmina",0,NA
"BVR",2016-09-06,"Ceriodaphnia",181.290322580645,NA
"BVR",2016-09-06,"Ascomorpha",0,NA
"BVR",2016-09-06,"Conochilus",0,NA
"BVR",2016-09-06,"Keratella",0,NA
"BVR",2016-09-06,"Trichocerca",0,NA
"BVR",2016-09-06,"Kellicottia",0,NA
"BVR",2016-09-06,"Polyarthra",0,NA
"BVR",2016-09-06,"Rotifera",0,NA
"BVR",2016-09-06,"Cladocera",197.096774193548,3.10442157790036
"BVR",2016-09-06,"Copepoda",215.483870967742,NA
"BVR",2016-09-27,"Daphnia",0,NA
"BVR",2016-09-27,"Calanoida",10.9677419354839,0.169705627484771
"BVR",2016-09-27,"Cyclopoida",67.4193548387097,NA
"BVR",2016-09-27,"Nauplii",0,NA
"BVR",2016-09-27,"Bosmina",0,NA
"BVR",2016-09-27,"Ceriodaphnia",200.967741935484,NA
"BVR",2016-09-27,"Ascomorpha",0,NA
"BVR",2016-09-27,"Conochilus",0,NA
"BVR",2016-09-27,"Keratella",0,NA
"BVR",2016-09-27,"Trichocerca",0,NA
"BVR",2016-09-27,"Kellicottia",0,NA
"BVR",2016-09-27,"Polyarthra",0,NA
"BVR",2016-09-27,"Rotifera",0,NA
"BVR",2016-09-27,"Cladocera",200.967741935484,NA
"BVR",2016-09-27,"Copepoda",78.3870967741935,1.11498878918131
"BVR",2016-10-25,"Daphnia",112.58064516129,NA
"BVR",2016-10-25,"Calanoida",13.8709677419355,NA
"BVR",2016-10-25,"Cyclopoida",134.516129032258,NA
"BVR",2016-10-25,"Nauplii",0,NA
"BVR",2016-10-25,"Bosmina",2.58064516129032,NA
"BVR",2016-10-25,"Ceriodaphnia",53.8709677419355,NA
"BVR",2016-10-25,"Ascomorpha",0,NA
"BVR",2016-10-25,"Conochilus",0,NA
"BVR",2016-10-25,"Keratella",0,NA
"BVR",2016-10-25,"Trichocerca",0,NA
"BVR",2016-10-25,"Kellicottia",0,NA
"BVR",2016-10-25,"Polyarthra",0,NA
"BVR",2016-10-25,"Rotifera",0,NA
"BVR",2016-10-25,"Cladocera",169.032258064516,1.70629227664352
"BVR",2016-10-25,"Copepoda",148.387096774194,2.64457936163769
"BVR",2019-04-08,"Ascomorpha",NA,NA
"BVR",2019-04-08,"Bosmina",NA,NA
"BVR",2019-04-08,"Calanoida",20.70138281492,NA
"BVR",2019-04-08,"Ceriodaphnia",23.3571963360982,NA
"BVR",2019-04-08,"Cladocera",312.685934588795,NA
"BVR",2019-04-08,"Conochilus",NA,NA
"BVR",2019-04-08,"Copepoda",128.580671187444,NA
"BVR",2019-04-08,"Cyclopoida",70.7968278122949,NA
"BVR",2019-04-08,"Daphnia",96.6867955641613,NA
"BVR",2019-04-08,"Kellicottia",1.9312137662761,NA
"BVR",2019-04-08,"Keratella",2.31602629789481,NA
"BVR",2019-04-08,"Nauplii",57.7838433751494,NA
"BVR",2019-04-08,"Polyarthra",0.321868961046016,NA
"BVR",2019-04-08,"Rotifera",7.49810766838992,NA
"BVR",2019-04-08,"Trichocerca",NA,NA
"BVR",2019-04-29,"Ascomorpha",NA,NA
"BVR",2019-04-29,"Bosmina",NA,NA
"BVR",2019-04-29,"Calanoida",NA,NA
"BVR",2019-04-29,"Ceriodaphnia",NA,NA
"BVR",2019-04-29,"Cladocera",472.576124963631,NA
"BVR",2019-04-29,"Conochilus",0.14781918031939,NA
"BVR",2019-04-29,"Copepoda",357.52995962284,NA
"BVR",2019-04-29,"Cyclopoida",104.986235053196,NA
"BVR",2019-04-29,"Daphnia",469.995486632534,NA
"BVR",2019-04-29,"Kellicottia",1.11799803490001,NA
"BVR",2019-04-29,"Keratella",6.26190563432022,NA
"BVR",2019-04-29,"Nauplii",244.041334060439,NA
"BVR",2019-04-29,"Polyarthra",0.470107633563828,NA
"BVR",2019-04-29,"Rotifera",25.6917608276623,NA
"BVR",2019-04-29,"Trichocerca",NA,NA
"BVR",2019-05-23,"Ascomorpha",NA,NA
"BVR",2019-05-23,"Bosmina",NA,NA
"BVR",2019-05-23,"Calanoida",NA,NA
"BVR",2019-05-23,"Ceriodaphnia",NA,NA
"BVR",2019-05-23,"Cladocera",757.026773960489,NA
"BVR",2019-05-23,"Conochilus",NA,NA
"BVR",2019-05-23,"Copepoda",306.89621562346,NA
"BVR",2019-05-23,"Cyclopoida",99.6388247322896,NA
"BVR",2019-05-23,"Daphnia",762.815600799859,NA
"BVR",2019-05-23,"Kellicottia",1.16390115378247,NA
"BVR",2019-05-23,"Keratella",5.08828552489063,NA
"BVR",2019-05-23,"Nauplii",187.87014264647,NA
"BVR",2019-05-23,"Polyarthra",0.734271124414799,NA
"BVR",2019-05-23,"Rotifera",12.6999822610204,NA
"BVR",2019-05-23,"Trichocerca",NA,NA
"BVR",2019-06-06,"Ascomorpha",NA,NA
"BVR",2019-06-06,"Bosmina",NA,NA
"BVR",2019-06-06,"Calanoida",NA,NA
"BVR",2019-06-06,"Ceriodaphnia",NA,NA
"BVR",2019-06-06,"Cladocera",104.606692493286,NA
"BVR",2019-06-06,"Conochilus",NA,NA
"BVR",2019-06-06,"Copepoda",106.964197793544,NA
"BVR",2019-06-06,"Cyclopoida",4.81491683589707,NA
"BVR",2019-06-06,"Daphnia",69.7377949955237,NA
"BVR",2019-06-06,"Kellicottia",1.33010612194845,NA
"BVR",2019-06-06,"Keratella",1.73102890374014,NA
"BVR",2019-06-06,"Nauplii",103.01559292447,NA
"BVR",2019-06-06,"Polyarthra",0.263347331764922,NA
"BVR",2019-06-06,"Rotifera",74.6553665025925,NA
"BVR",2019-06-06,"Trichocerca",18.6123560316144,NA
"BVR",2019-06-13,"Ascomorpha",NA,NA
"BVR",2019-06-13,"Bosmina",NA,NA
"BVR",2019-06-13,"Calanoida",23.598016880047,NA
"BVR",2019-06-13,"Ceriodaphnia",NA,NA
"BVR",2019-06-13,"Cladocera",97.6597101918492,NA
"BVR",2019-06-13,"Conochilus",NA,NA
"BVR",2019-06-13,"Copepoda",666.358524667995,NA
"BVR",2019-06-13,"Cyclopoida",60.4161526213756,NA
"BVR",2019-06-13,"Daphnia",65.1064734612328,NA
"BVR",2019-06-13,"Kellicottia",2.74780360295316,NA
"BVR",2019-06-13,"Keratella",0.489695451628987,NA
"BVR",2019-06-13,"Nauplii",647.099870940093,NA
"BVR",2019-06-13,"Polyarthra",3.38673374346608,NA
"BVR",2019-06-13,"Rotifera",17.0144426934043,NA
"BVR",2019-06-13,"Trichocerca",NA,NA
"BVR",2019-06-27,"Ascomorpha",NA,NA
"BVR",2019-06-27,"Bosmina",NA,NA
"BVR",2019-06-27,"Calanoida",25.4923227351844,NA
"BVR",2019-06-27,"Ceriodaphnia",NA,NA
"BVR",2019-06-27,"Cladocera",152.866609429531,NA
"BVR",2019-06-27,"Conochilus",6.87128221015912,NA
"BVR",2019-06-27,"Copepoda",362.114778425603,NA
"BVR",2019-06-27,"Cyclopoida",114.257161648509,NA
"BVR",2019-06-27,"Daphnia",152.866609429531,NA
"BVR",2019-06-27,"Kellicottia",13.8426643889862,NA
"BVR",2019-06-27,"Keratella",1.05065325088551,NA
"BVR",2019-06-27,"Nauplii",247.857616777094,NA
"BVR",2019-06-27,"Polyarthra",NA,NA
"BVR",2019-06-27,"Rotifera",288.796748603779,NA
"BVR",2019-06-27,"Trichocerca",11.3368072606202,NA
"BVR",2019-07-10,"Ascomorpha",NA,NA
"BVR",2019-07-10,"Bosmina",NA,NA
"BVR",2019-07-10,"Calanoida",38.1354818219808,NA
"BVR",2019-07-10,"Ceriodaphnia",NA,NA
"BVR",2019-07-10,"Cladocera",377.257645696483,54.6892591974611
"BVR",2019-07-10,"Conochilus",10.5843569482665,NA
"BVR",2019-07-10,"Copepoda",1288.37245613786,449.712676484232
"BVR",2019-07-10,"Cyclopoida",174.245353913937,67.3157363966808
"BVR",2019-07-10,"Daphnia",376.580337811347,53.7314012004009
"BVR",2019-07-10,"Kellicottia",68.8662319356642,13.9798872861077
"BVR",2019-07-10,"Keratella",2.90397126407643,0.846380863120436
"BVR",2019-07-10,"Nauplii",1150.0850990614,363.256051448107
"BVR",2019-07-10,"Polyarthra",7.77515464729641,4.24518402566371
"BVR",2019-07-10,"Rotifera",896.179765150864,326.436106117903
"BVR",2019-07-10,"Trichocerca",40.9245484575654,NA
"BVR",2019-07-11,"Ascomorpha",NA,NA
"BVR",2019-07-11,"Bosmina",NA,NA
"BVR",2019-07-11,"Calanoida",NA,NA
"BVR",2019-07-11,"Ceriodaphnia",24.878899745137,NA
"BVR",2019-07-11,"Cladocera",468.874997565715,NA
"BVR",2019-07-11,"Conochilus",18.8434809786834,NA
"BVR",2019-07-11,"Copepoda",895.93536074453,NA
"BVR",2019-07-11,"Cyclopoida",96.1268874941199,NA
"BVR",2019-07-11,"Daphnia",301.898448684012,NA
"BVR",2019-07-11,"Kellicottia",6.54226127727018,NA
"BVR",2019-07-11,"Keratella",2.69358408208199,NA
"BVR",2019-07-11,"Nauplii",762.459045018821,NA
"BVR",2019-07-11,"Polyarthra",12.6929061062234,NA
"BVR",2019-07-11,"Rotifera",154.658443273294,NA
"BVR",2019-07-11,"Trichocerca",11.0371654638478,NA
"BVR",2019-07-18,"Ascomorpha",NA,NA
"BVR",2019-07-18,"Bosmina",NA,NA
"BVR",2019-07-18,"Calanoida",NA,NA
"BVR",2019-07-18,"Ceriodaphnia",NA,NA
"BVR",2019-07-18,"Cladocera",137.045368248141,NA
"BVR",2019-07-18,"Conochilus",61.6731261117714,NA
"BVR",2019-07-18,"Copepoda",851.944132378885,NA
"BVR",2019-07-18,"Cyclopoida",54.8194269797834,NA
"BVR",2019-07-18,"Daphnia",137.045368248141,NA
"BVR",2019-07-18,"Kellicottia",3.53315268350314,NA
"BVR",2019-07-18,"Keratella",3.26612874937917,NA
"BVR",2019-07-18,"Nauplii",831.56818117484,NA
"BVR",2019-07-18,"Polyarthra",10.1740577979925,NA
"BVR",2019-07-18,"Rotifera",181.965195694867,NA
"BVR",2019-07-18,"Trichocerca",13.3760960357764,NA
"BVR",2019-07-24,"Ascomorpha",NA,NA
"BVR",2019-07-24,"Bosmina",25.8861450131946,NA
"BVR",2019-07-24,"Calanoida",364.698797614362,NA
"BVR",2019-07-24,"Ceriodaphnia",81.3918203249864,NA
"BVR",2019-07-24,"Cladocera",772.467775752441,NA
"BVR",2019-07-24,"Conochilus",31.1058566895632,NA
"BVR",2019-07-24,"Copepoda",11071.0032295386,NA
"BVR",2019-07-24,"Cyclopoida",722.276487974766,NA
"BVR",2019-07-24,"Daphnia",668.264384469285,NA
"BVR",2019-07-24,"Kellicottia",24.7179608917489,NA
"BVR",2019-07-24,"Keratella",16.5532608537951,NA
"BVR",2019-07-24,"Nauplii",12551.012652724,NA
"BVR",2019-07-24,"Polyarthra",152.704387259505,NA
"BVR",2019-07-24,"Rotifera",796.645330354576,NA
"BVR",2019-07-24,"Trichocerca",31.1686750293767,NA
"BVR",2019-07-25,"Ascomorpha",NA,NA
"BVR",2019-07-25,"Bosmina",NA,NA
"BVR",2019-07-25,"Calanoida",228.493639551404,NA
"BVR",2019-07-25,"Ceriodaphnia",NA,NA
"BVR",2019-07-25,"Cladocera",1201.60017984636,NA
"BVR",2019-07-25,"Conochilus",8.75751654235967,NA
"BVR",2019-07-25,"Copepoda",7349.41433472265,NA
"BVR",2019-07-25,"Cyclopoida",475.745692113596,NA
"BVR",2019-07-25,"Daphnia",1101.46683152583,NA
"BVR",2019-07-25,"Kellicottia",19.8163814739714,NA
"BVR",2019-07-25,"Keratella",6.84839089103139,NA
"BVR",2019-07-25,"Nauplii",8313.88140830213,NA
"BVR",2019-07-25,"Polyarthra",92.4109727829636,NA
"BVR",2019-07-25,"Rotifera",606.553885796515,NA
"BVR",2019-07-25,"Trichocerca",5.51858273192388,NA
"BVR",2019-08-14,"Ascomorpha",NA,NA
"BVR",2019-08-14,"Bosmina",3.39141351771604,NA
"BVR",2019-08-14,"Calanoida",NA,NA
"BVR",2019-08-14,"Ceriodaphnia",89.8860161951996,NA
"BVR",2019-08-14,"Cladocera",883.665731602375,NA
"BVR",2019-08-14,"Conochilus",NA,NA
"BVR",2019-08-14,"Copepoda",566.264834390399,NA
"BVR",2019-08-14,"Cyclopoida",77.7379927180845,NA
"BVR",2019-08-14,"Daphnia",595.15732096532,NA
"BVR",2019-08-14,"Kellicottia",0.408079543024156,NA
"BVR",2019-08-14,"Keratella",14.6346418472564,NA
"BVR",2019-08-14,"Nauplii",520.050904045254,NA
"BVR",2019-08-14,"Polyarthra",NA,NA
"BVR",2019-08-14,"Rotifera",173.514521668814,NA
"BVR",2019-08-14,"Trichocerca",36.313715998013,NA
"BVR",2019-09-04,"Ascomorpha",NA,NA
"BVR",2019-09-04,"Bosmina",3.45499040610077,NA
"BVR",2019-09-04,"Calanoida",6.74229053715627,NA
"BVR",2019-09-04,"Ceriodaphnia",372.301732729266,NA
"BVR",2019-09-04,"Cladocera",395.907965661135,NA
"BVR",2019-09-04,"Conochilus",NA,NA
"BVR",2019-09-04,"Copepoda",234.843090654781,NA
"BVR",2019-09-04,"Cyclopoida",126.871563467626,NA
"BVR",2019-09-04,"Daphnia",20.8864141383138,NA
"BVR",2019-09-04,"Kellicottia",NA,NA
"BVR",2019-09-04,"Keratella",3.00451012028793,NA
"BVR",2019-09-04,"Nauplii",110.410867440335,NA
"BVR",2019-09-04,"Polyarthra",0.217642422946217,NA
"BVR",2019-09-04,"Rotifera",77.1327739504708,NA
"BVR",2019-09-04,"Trichocerca",41.4366610787578,NA
"BVR",2019-10-04,"Ascomorpha",NA,NA
"BVR",2019-10-04,"Bosmina",35.2511270084018,NA
"BVR",2019-10-04,"Calanoida",49.2296291605464,NA
"BVR",2019-10-04,"Ceriodaphnia",380.478349338686,NA
"BVR",2019-10-04,"Cladocera",403.136694377396,NA
"BVR",2019-10-04,"Conochilus",7.2627431996026,NA
"BVR",2019-10-04,"Copepoda",319.353737351201,NA
"BVR",2019-10-04,"Cyclopoida",101.737018241215,NA
"BVR",2019-10-04,"Daphnia",4.55236632601108,NA
"BVR",2019-10-04,"Kellicottia",0.0233188310299518,NA
"BVR",2019-10-04,"Keratella",0.58987314973366,NA
"BVR",2019-10-04,"Nauplii",175.302140631929,NA
"BVR",2019-10-04,"Polyarthra",NA,NA
"BVR",2019-10-04,"Rotifera",45.2965580863131,NA
"BVR",2019-10-04,"Trichocerca",NA,NA
"BVR",2019-11-15,"Ascomorpha",NA,NA
"BVR",2019-11-15,"Bosmina",327.643039326696,NA
"BVR",2019-11-15,"Calanoida",28.838909272399,NA
"BVR",2019-11-15,"Ceriodaphnia",41.3231633347879,NA
"BVR",2019-11-15,"Cladocera",430.255031075295,NA
"BVR",2019-11-15,"Conochilus",9.56710029383114,NA
"BVR",2019-11-15,"Copepoda",230.470028241674,NA
"BVR",2019-11-15,"Cyclopoida",52.8507001658548,NA
"BVR",2019-11-15,"Daphnia",24.1177412946994,NA
"BVR",2019-11-15,"Kellicottia",NA,NA
"BVR",2019-11-15,"Keratella",0.965606883138048,NA
"BVR",2019-11-15,"Nauplii",126.875991991476,NA
"BVR",2019-11-15,"Polyarthra",8.37749214404577,NA
"BVR",2019-11-15,"Rotifera",29.9467116272844,NA
"BVR",2019-11-15,"Trichocerca",NA,NA
"BVR",2020-05-14,"Ascomorpha",NA,NA
"BVR",2020-05-14,"Bosmina",NA,NA
"BVR",2020-05-14,"Calanoida",NA,NA
"BVR",2020-05-14,"Ceriodaphnia",NA,NA
"BVR",2020-05-14,"Cladocera",356.846355337741,NA
"BVR",2020-05-14,"Conochilus",11.7116643525384,NA
"BVR",2020-05-14,"Copepoda",404.774689582861,NA
"BVR",2020-05-14,"Cyclopoida",74.0431774212467,NA
"BVR",2020-05-14,"Daphnia",356.846355337741,NA
"BVR",2020-05-14,"Kellicottia",0.0549052476068865,NA
"BVR",2020-05-14,"Keratella",NA,NA
"BVR",2020-05-14,"Nauplii",392.078707173933,NA
"BVR",2020-05-14,"Polyarthra",9.26601124013702,NA
"BVR",2020-05-14,"Rotifera",27.4588346209846,NA
"BVR",2020-05-14,"Trichocerca",NA,NA
"BVR",2020-06-04,"Ascomorpha",NA,NA
"BVR",2020-06-04,"Bosmina",NA,NA
"BVR",2020-06-04,"Calanoida",NA,NA
"BVR",2020-06-04,"Ceriodaphnia",NA,NA
"BVR",2020-06-04,"Cladocera",263.757554672552,NA
"BVR",2020-06-04,"Conochilus",NA,NA
"BVR",2020-06-04,"Copepoda",191.750236707287,NA
"BVR",2020-06-04,"Cyclopoida",31.6064955833335,NA
"BVR",2020-06-04,"Daphnia",263.757554672552,NA
"BVR",2020-06-04,"Kellicottia",0.0132493358124726,NA
"BVR",2020-06-04,"Keratella",0.0705394638656041,NA
"BVR",2020-06-04,"Nauplii",167.098419202806,NA
"BVR",2020-06-04,"Polyarthra",0.59666175608835,NA
"BVR",2020-06-04,"Rotifera",5.72495850855454,NA
"BVR",2020-06-04,"Trichocerca",2.12683638196135,NA
"BVR",2020-06-25,"Ascomorpha",NA,NA
"BVR",2020-06-25,"Bosmina",NA,NA
"BVR",2020-06-25,"Calanoida",NA,NA
"BVR",2020-06-25,"Ceriodaphnia",NA,NA
"BVR",2020-06-25,"Cladocera",381.21939717798,NA
"BVR",2020-06-25,"Conochilus",14.9511268083236,NA
"BVR",2020-06-25,"Copepoda",569.323004408748,NA
"BVR",2020-06-25,"Cyclopoida",32.9503793710166,NA
"BVR",2020-06-25,"Daphnia",409.630491180596,NA
"BVR",2020-06-25,"Kellicottia",0.345010071148426,NA
"BVR",2020-06-25,"Keratella",1.96786422938055,NA
"BVR",2020-06-25,"Nauplii",609.517484300798,NA
"BVR",2020-06-25,"Polyarthra",0.13842598825896,NA
"BVR",2020-06-25,"Rotifera",25.732587128043,NA
"BVR",2020-06-25,"Trichocerca",3.44392580778089,NA
"BVR",2020-07-02,"Ascomorpha",NA,NA
"BVR",2020-07-02,"Bosmina",NA,NA
"BVR",2020-07-02,"Calanoida",NA,NA
"BVR",2020-07-02,"Ceriodaphnia",NA,NA
"BVR",2020-07-02,"Cladocera",225.601637161082,NA
"BVR",2020-07-02,"Conochilus",NA,NA
"BVR",2020-07-02,"Copepoda",468.642510791616,NA
"BVR",2020-07-02,"Cyclopoida",63.9533319159836,NA
"BVR",2020-07-02,"Daphnia",242.137667879774,NA
"BVR",2020-07-02,"Kellicottia",0.279623199915683,NA
"BVR",2020-07-02,"Keratella",2.16588006238775,NA
"BVR",2020-07-02,"Nauplii",429.780852519872,NA
"BVR",2020-07-02,"Polyarthra",NA,NA
"BVR",2020-07-02,"Rotifera",29.6895627036604,NA
"BVR",2020-07-02,"Trichocerca",NA,NA
"BVR",2020-08-06,"Ascomorpha",NA,NA
"BVR",2020-08-06,"Bosmina",1.18612047899213,NA
"BVR",2020-08-06,"Calanoida",2.09783789686991,NA
"BVR",2020-08-06,"Ceriodaphnia",6.49783872146978,NA
"BVR",2020-08-06,"Cladocera",19.8905220917,NA
"BVR",2020-08-06,"Conochilus",1.36505327671867,NA
"BVR",2020-08-06,"Copepoda",32.7048823841254,NA
"BVR",2020-08-06,"Cyclopoida",3.50346114883703,NA
"BVR",2020-08-06,"Daphnia",17.1802086582216,NA
"BVR",2020-08-06,"Kellicottia",0.0179061715966534,NA
"BVR",2020-08-06,"Keratella",0.468170376832109,NA
"BVR",2020-08-06,"Nauplii",29.163547564135,NA
"BVR",2020-08-06,"Polyarthra",NA,NA
"BVR",2020-08-06,"Rotifera",30.0288335653184,NA
"BVR",2020-08-06,"Trichocerca",6.03584622379272,NA
"BVR",2020-08-12,"Ascomorpha",NA,NA
"BVR",2020-08-12,"Bosmina",NA,NA
"BVR",2020-08-12,"Calanoida",6.71712477466224,5.99324164099076
"BVR",2020-08-12,"Ceriodaphnia",13.4197341115525,7.59092321603446
"BVR",2020-08-12,"Cladocera",47.4795759601008,43.7060313833656
"BVR",2020-08-12,"Conochilus",NA,NA
"BVR",2020-08-12,"Copepoda",70.930639393575,25.0833328120145
"BVR",2020-08-12,"Cyclopoida",NA,NA
"BVR",2020-08-12,"Daphnia",5.04924099951449,6.9799129599648
"BVR",2020-08-12,"Kellicottia",0.0183158818271621,NA
"BVR",2020-08-12,"Keratella",2.42638555549394,0.122592489060921
"BVR",2020-08-12,"Nauplii",53.3725214098152,36.8223979925419
"BVR",2020-08-12,"Polyarthra",NA,NA
"BVR",2020-08-12,"Rotifera",28.0660486570568,33.285268636925
"BVR",2020-08-12,"Trichocerca",4.52402281130905,5.94895656246739
"BVR",2020-08-13,"Ascomorpha",NA,NA
"BVR",2020-08-13,"Bosmina",0.907590737895431,0.674925768568968
"BVR",2020-08-13,"Calanoida",2.15653996041701,1.19076345792648
"BVR",2020-08-13,"Ceriodaphnia",49.4449857001132,12.8055886549017
"BVR",2020-08-13,"Cladocera",54.586688376606,9.02994583152687
"BVR",2020-08-13,"Conochilus",0.112934912364914,0.0131995505023125
"BVR",2020-08-13,"Copepoda",85.9963621984966,69.9577016812783
"BVR",2020-08-13,"Cyclopoida",NA,NA
"BVR",2020-08-13,"Daphnia",5.97633992177969,NA
"BVR",2020-08-13,"Kellicottia",0.00802026461181676,0.00364754533089522
"BVR",2020-08-13,"Keratella",1.10127416065032,0.377913031731102
"BVR",2020-08-13,"Nauplii",61.2998053165946,39.0925143993305
"BVR",2020-08-13,"Polyarthra",0.111570760749662,NA
"BVR",2020-08-13,"Rotifera",10.5696813019267,7.95018078859606
"BVR",2020-08-13,"Trichocerca",4.1554060793525,4.99972176394119
"BVR",2020-09-03,"Ascomorpha",NA,NA
"BVR",2020-09-03,"Bosmina",3.70145965348527,NA
"BVR",2020-09-03,"Calanoida",16.8149196048302,NA
"BVR",2020-09-03,"Ceriodaphnia",261.657623789819,NA
"BVR",2020-09-03,"Cladocera",275.0850964642,NA
"BVR",2020-09-03,"Conochilus",18.4450620942288,NA
"BVR",2020-09-03,"Copepoda",515.195859425393,NA
"BVR",2020-09-03,"Cyclopoida",119.719579538544,NA
"BVR",2020-09-03,"Daphnia",NA,NA
"BVR",2020-09-03,"Kellicottia",NA,NA
"BVR",2020-09-03,"Keratella",1.06413819774397,NA
"BVR",2020-09-03,"Nauplii",400.705386167386,NA
"BVR",2020-09-03,"Polyarthra",NA,NA
"BVR",2020-09-03,"Rotifera",308.976731022329,NA
"BVR",2020-09-03,"Trichocerca",72.7137560876579,NA
"BVR",2020-10-01,"Ascomorpha",NA,NA
"BVR",2020-10-01,"Bosmina",60.5250252817447,NA
"BVR",2020-10-01,"Calanoida",NA,NA
"BVR",2020-10-01,"Ceriodaphnia",196.611523733216,NA
"BVR",2020-10-01,"Cladocera",288.314759937442,NA
"BVR",2020-10-01,"Conochilus",NA,NA
"BVR",2020-10-01,"Copepoda",374.153290938273,NA
"BVR",2020-10-01,"Cyclopoida",66.7927299841101,NA
"BVR",2020-10-01,"Daphnia",10.9167930374278,NA
"BVR",2020-10-01,"Kellicottia",NA,NA
"BVR",2020-10-01,"Keratella",0.206915760672439,NA
"BVR",2020-10-01,"Nauplii",320.936913675493,NA
"BVR",2020-10-01,"Polyarthra",2.11548435103723,NA
"BVR",2020-10-01,"Rotifera",578.136573801256,NA
"BVR",2020-10-01,"Trichocerca",690.764162242935,NA
"BVR",2020-11-10,"Ascomorpha",NA,NA
"BVR",2020-11-10,"Bosmina",27.3305133149745,NA
"BVR",2020-11-10,"Calanoida",12.8789626112475,NA
"BVR",2020-11-10,"Ceriodaphnia",NA,NA
"BVR",2020-11-10,"Cladocera",82.4805092771883,NA
"BVR",2020-11-10,"Conochilus",NA,NA
"BVR",2020-11-10,"Copepoda",627.989563268085,NA
"BVR",2020-11-10,"Cyclopoida",242.759234693844,NA
"BVR",2020-11-10,"Daphnia",30.3080493126043,NA
"BVR",2020-11-10,"Kellicottia",NA,NA
"BVR",2020-11-10,"Keratella",0.151106025074088,NA
"BVR",2020-11-10,"Nauplii",93.3036094490188,NA
"BVR",2020-11-10,"Polyarthra",14.8045212586304,NA
"BVR",2020-11-10,"Rotifera",19.4149132513744,NA
"BVR",2020-11-10,"Trichocerca",NA,NA
"BVR",2020-12-02,"Ascomorpha",0.758413180843232,NA
"BVR",2020-12-02,"Bosmina",501.644619570652,NA
"BVR",2020-12-02,"Calanoida",143.62110003272,NA
"BVR",2020-12-02,"Ceriodaphnia",NA,NA
"BVR",2020-12-02,"Cladocera",529.006904050899,NA
"BVR",2020-12-02,"Conochilus",7.55923718972973,NA
"BVR",2020-12-02,"Copepoda",290.578904369321,NA
"BVR",2020-12-02,"Cyclopoida",61.7843110226049,NA
"BVR",2020-12-02,"Daphnia",20.4939378746705,NA
"BVR",2020-12-02,"Kellicottia",NA,NA
"BVR",2020-12-02,"Keratella",0.902905137479733,NA
"BVR",2020-12-02,"Nauplii",200.404167081837,NA
"BVR",2020-12-02,"Polyarthra",40.4084815279352,NA
"BVR",2020-12-02,"Rotifera",117.191725241053,NA
"BVR",2020-12-02,"Trichocerca",NA,NA
"BVR",2021-03-08,"Ascomorpha",NA,NA
"BVR",2021-03-08,"Bosmina",39.5779540192673,NA
"BVR",2021-03-08,"Calanoida",6.49830136364625,NA
"BVR",2021-03-08,"Ceriodaphnia",NA,NA
"BVR",2021-03-08,"Cladocera",63.2449979014278,NA
"BVR",2021-03-08,"Conochilus",40.3721512602781,NA
"BVR",2021-03-08,"Copepoda",12.9966027272925,NA
"BVR",2021-03-08,"Cyclopoida",NA,NA
"BVR",2021-03-08,"Daphnia",23.6670438821604,NA
"BVR",2021-03-08,"Kellicottia",NA,NA
"BVR",2021-03-08,"Keratella",0.372090813801264,NA
"BVR",2021-03-08,"Nauplii",12.9966027272925,NA
"BVR",2021-03-08,"Polyarthra",4.26693411246631,NA
"BVR",2021-03-08,"Rotifera",82.4760305057427,NA
"BVR",2021-03-08,"Trichocerca",NA,NA
"BVR",2021-04-05,"Ascomorpha",NA,NA
"BVR",2021-04-05,"Bosmina",20.9045605780845,NA
"BVR",2021-04-05,"Calanoida",11.1458680994034,NA
"BVR",2021-04-05,"Ceriodaphnia",NA,NA
"BVR",2021-04-05,"Cladocera",41.2433079853032,NA
"BVR",2021-04-05,"Conochilus",2.30935711222024,NA
"BVR",2021-04-05,"Copepoda",65.7958495307505,NA
"BVR",2021-04-05,"Cyclopoida",32.0585351594031,NA
"BVR",2021-04-05,"Daphnia",22.1100213575751,NA
"BVR",2021-04-05,"Kellicottia",0.100993857190721,NA
"BVR",2021-04-05,"Keratella",0.114635373343243,NA
"BVR",2021-04-05,"Nauplii",33.7373143713474,NA
"BVR",2021-04-05,"Polyarthra",1.41271696734389,NA
"BVR",2021-04-05,"Rotifera",12.5090524671844,NA
"BVR",2021-04-05,"Trichocerca",NA,NA
"BVR",2021-05-14,"Ascomorpha",NA,NA
"BVR",2021-05-14,"Bosmina",NA,NA
"BVR",2021-05-14,"Calanoida",NA,NA
"BVR",2021-05-14,"Ceriodaphnia",NA,NA
"BVR",2021-05-14,"Cladocera",NA,NA
"BVR",2021-05-14,"Conochilus",55.756894386957,NA
"BVR",2021-05-14,"Copepoda",598.063196821088,NA
"BVR",2021-05-14,"Cyclopoida",34.4005727437274,NA
"BVR",2021-05-14,"Daphnia",NA,NA
"BVR",2021-05-14,"Kellicottia",0.0689719202241463,NA
"BVR",2021-05-14,"Keratella",0.207278498044016,NA
"BVR",2021-05-14,"Nauplii",601.548895032274,NA
"BVR",2021-05-14,"Polyarthra",48.7521929298498,NA
"BVR",2021-05-14,"Rotifera",134.458554947094,NA
"BVR",2021-05-14,"Trichocerca",NA,NA
"BVR",2021-06-15,"Ascomorpha",NA,NA
"BVR",2021-06-15,"Bosmina",25.8861450131946,NA
"BVR",2021-06-15,"Calanoida",91.8221561605232,59.8808706481604
"BVR",2021-06-15,"Ceriodaphnia",105.64236906087,123.043328637768
"BVR",2021-06-15,"Cladocera",1912.69897971259,26.0584498203587
"BVR",2021-06-15,"Conochilus",95.0849884793398,128.378966325862
"BVR",2021-06-15,"Copepoda",2889.94740221346,756.19301179397
"BVR",2021-06-15,"Cyclopoida",563.998545920453,229.954890125033
"BVR",2021-06-15,"Daphnia",1770.21473654673,243.971374473706
"BVR",2021-06-15,"Kellicottia",NA,NA
"BVR",2021-06-15,"Keratella",28.1405434514517,4.68196920018731
"BVR",2021-06-15,"Nauplii",2867.98011347776,808.378232676875
"BVR",2021-06-15,"Polyarthra",NA,NA
"BVR",2021-06-15,"Rotifera",304.177403636084,46.4522250565936
"BVR",2021-06-15,"Trichocerca",NA,NA
"BVR",2021-06-16,"Ascomorpha",NA,NA
"BVR",2021-06-16,"Bosmina",NA,NA
"BVR",2021-06-16,"Calanoida",92.3355054663482,19.5073972539258
"BVR",2021-06-16,"Ceriodaphnia",97.3293273773673,101.445909696619
"BVR",2021-06-16,"Cladocera",2144.74123849665,1049.27240456557
"BVR",2021-06-16,"Conochilus",55.5107985484722,NA
"BVR",2021-06-16,"Copepoda",2667.60087450279,322.351300381882
"BVR",2021-06-16,"Cyclopoida",504.857434836118,52.3160778397309
"BVR",2021-06-16,"Daphnia",2029.68866809698,902.488740570999
"BVR",2021-06-16,"Kellicottia",0.155458873533012,NA
"BVR",2021-06-16,"Keratella",16.5532608537951,4.68196920018731
"BVR",2021-06-16,"Nauplii",2441.38906719398,490.060359335587
"BVR",2021-06-16,"Polyarthra",NA,NA
"BVR",2021-06-16,"Rotifera",90.5152554594777,39.4848963934424
"BVR",2021-06-16,"Trichocerca",43.6312947242732,NA
"BVR",2021-06-28,"Ascomorpha",NA,NA
"BVR",2021-06-28,"Bosmina",NA,NA
"BVR",2021-06-28,"Calanoida",10.2278130304349,NA
"BVR",2021-06-28,"Ceriodaphnia",60.5411268192642,NA
"BVR",2021-06-28,"Cladocera",189.245245374191,NA
"BVR",2021-06-28,"Conochilus",NA,NA
"BVR",2021-06-28,"Copepoda",360.89940247282,NA
"BVR",2021-06-28,"Cyclopoida",76.4660483298021,NA
"BVR",2021-06-28,"Daphnia",128.704118554926,NA
"BVR",2021-06-28,"Kellicottia",NA,NA
"BVR",2021-06-28,"Keratella",17.7557663323477,NA
"BVR",2021-06-28,"Nauplii",304.712436636946,NA
"BVR",2021-06-28,"Polyarthra",NA,NA
"BVR",2021-06-28,"Rotifera",21.4856599932505,NA
"BVR",2021-06-28,"Trichocerca",NA,NA
"BVR",2021-07-07,"Ascomorpha",NA,NA
"BVR",2021-07-07,"Bosmina",44.7577839285954,26.3927025209667
"BVR",2021-07-07,"Calanoida",43.9785408524873,NA
"BVR",2021-07-07,"Ceriodaphnia",23.1065621444365,NA
"BVR",2021-07-07,"Cladocera",634.253265144486,193.54198782851
"BVR",2021-07-07,"Conochilus",31.545023688992,NA
"BVR",2021-07-07,"Copepoda",2144.60286571015,177.866212326409
"BVR",2021-07-07,"Cyclopoida",427.523252660795,118.707027826893
"BVR",2021-07-07,"Daphnia",584.657156845616,213.092266405873
"BVR",2021-07-07,"Kellicottia",0.237852076505509,0.176101489920645
"BVR",2021-07-07,"Keratella",41.9762899205656,12.5437465018956
"BVR",2021-07-07,"Nauplii",2146.77602961939,305.68439197032
"BVR",2021-07-07,"Polyarthra",1.97909509932426,0.746910688835299
"BVR",2021-07-07,"Rotifera",160.468196505997,24.7832583479011
"BVR",2021-07-07,"Trichocerca",20.2621986585457,6.43067238474266
"BVR",2021-07-08,"Ascomorpha",NA,NA
"BVR",2021-07-08,"Bosmina",75.8679610696244,NA
"BVR",2021-07-08,"Calanoida",NA,NA
"BVR",2021-07-08,"Ceriodaphnia",NA,NA
"BVR",2021-07-08,"Cladocera",151.211593090987,115.385985258166
"BVR",2021-07-08,"Conochilus",2.96004059131757,NA
"BVR",2021-07-08,"Copepoda",1742.23132862307,535.769080473758
"BVR",2021-07-08,"Cyclopoida",166.720379908355,96.845827255143
"BVR",2021-07-08,"Daphnia",121.903993165548,73.9387799630058
"BVR",2021-07-08,"Kellicottia",0.206915760672439,NA
"BVR",2021-07-08,"Keratella",25.3471806823738,8.63238071284541
"BVR",2021-07-08,"Nauplii",1802.99235889198,853.057502337422
"BVR",2021-07-08,"Polyarthra",1.9312137662761,NA
"BVR",2021-07-08,"Rotifera",255.215753103635,33.1709226968282
"BVR",2021-07-08,"Trichocerca",88.9807468286454,3.29774406811652
"BVR",2021-07-26,"Ascomorpha",NA,NA
"BVR",2021-07-26,"Bosmina",6.299284765406,NA
"BVR",2021-07-26,"Calanoida",NA,NA
"BVR",2021-07-26,"Ceriodaphnia",9.33606074668037,NA
"BVR",2021-07-26,"Cladocera",48.7924234101209,NA
"BVR",2021-07-26,"Conochilus",NA,NA
"BVR",2021-07-26,"Copepoda",891.938534864316,NA
"BVR",2021-07-26,"Cyclopoida",162.075936989752,NA
"BVR",2021-07-26,"Daphnia",46.7971864320207,NA
"BVR",2021-07-26,"Kellicottia",0.139912986179711,NA
"BVR",2021-07-26,"Keratella",1.80114650875348,NA
"BVR",2021-07-26,"Nauplii",887.992029530416,NA
"BVR",2021-07-26,"Polyarthra",2.53858122124467,NA
"BVR",2021-07-26,"Rotifera",6.06609852058224,NA
"BVR",2021-07-26,"Trichocerca",NA,NA
"BVR",2021-08-23,"Ascomorpha",NA,NA
"BVR",2021-08-23,"Bosmina",237.595223624664,NA
"BVR",2021-08-23,"Calanoida",40.895513435948,NA
"BVR",2021-08-23,"Ceriodaphnia",573.254750353681,NA
"BVR",2021-08-23,"Cladocera",968.802894429259,NA
"BVR",2021-08-23,"Conochilus",NA,NA
"BVR",2021-08-23,"Copepoda",774.20124149281,NA
"BVR",2021-08-23,"Cyclopoida",555.747356495178,NA
"BVR",2021-08-23,"Daphnia",NA,NA
"BVR",2021-08-23,"Kellicottia",1.05826407316547,NA
"BVR",2021-08-23,"Keratella",39.851198211144,NA
"BVR",2021-08-23,"Nauplii",226.893287682282,NA
"BVR",2021-08-23,"Polyarthra",NA,NA
"BVR",2021-08-23,"Rotifera",171.376931715711,NA
"BVR",2021-08-23,"Trichocerca",15.860536113332,NA
"BVR",2021-09-21,"Ascomorpha",NA,NA
"BVR",2021-09-21,"Bosmina",65.7010403426193,NA
"BVR",2021-09-21,"Calanoida",93.9601471639064,NA
"BVR",2021-09-21,"Ceriodaphnia",57.4194359408003,NA
"BVR",2021-09-21,"Cladocera",173.189140346776,NA
"BVR",2021-09-21,"Conochilus",NA,NA
"BVR",2021-09-21,"Copepoda",892.749405461365,NA
"BVR",2021-09-21,"Cyclopoida",224.66008051975,NA
"BVR",2021-09-21,"Daphnia",28.0882721523353,NA
"BVR",2021-09-21,"Kellicottia",0.194323591916265,NA
"BVR",2021-09-21,"Keratella",1.51028295637321,NA
"BVR",2021-09-21,"Nauplii",532.660047498535,NA
"BVR",2021-09-21,"Polyarthra",0.845540813146052,NA
"BVR",2021-09-21,"Rotifera",160.39170104803,NA
"BVR",2021-09-21,"Trichocerca",154.352480132881,NA
"BVR",2021-10-26,"Ascomorpha",NA,NA
"BVR",2021-10-26,"Bosmina",445.444603608969,NA
"BVR",2021-10-26,"Calanoida",11.6560903417385,NA
"BVR",2021-10-26,"Ceriodaphnia",NA,NA
"BVR",2021-10-26,"Cladocera",445.444603608969,NA
"BVR",2021-10-26,"Conochilus",38.3025330346691,NA
"BVR",2021-10-26,"Copepoda",206.348520366939,NA
"BVR",2021-10-26,"Cyclopoida",51.6388012802463,NA
"BVR",2021-10-26,"Daphnia",NA,NA
"BVR",2021-10-26,"Kellicottia",0.12954906127751,NA
"BVR",2021-10-26,"Keratella",5.17826310568392,NA
"BVR",2021-10-26,"Nauplii",93.3392238604249,NA
"BVR",2021-10-26,"Polyarthra",4.11384483520747,NA
"BVR",2021-10-26,"Rotifera",63.9512761962611,NA
"BVR",2021-10-26,"Trichocerca",NA,NA
"BVR",2021-11-09,"Ascomorpha",NA,NA
"BVR",2021-11-09,"Bosmina",479.774074836335,NA
"BVR",2021-11-09,"Calanoida",53.6718601905505,NA
"BVR",2021-11-09,"Ceriodaphnia",NA,NA
"BVR",2021-11-09,"Cladocera",479.774074836335,NA
"BVR",2021-11-09,"Conochilus",NA,NA
"BVR",2021-11-09,"Copepoda",864.248472165946,NA
"BVR",2021-11-09,"Cyclopoida",523.290546330067,NA
"BVR",2021-11-09,"Daphnia",NA,NA
"BVR",2021-11-09,"Kellicottia",1.11493031312896,NA
"BVR",2021-11-09,"Keratella",4.02742121699523,NA
"BVR",2021-11-09,"Nauplii",160.500355908852,NA
"BVR",2021-11-09,"Polyarthra",20.5323861807461,NA
"BVR",2021-11-09,"Rotifera",49.9060985098943,NA
"BVR",2021-11-09,"Trichocerca",NA,NA
"BVR",2021-12-06,"Ascomorpha",NA,NA
"BVR",2021-12-06,"Bosmina",109.046422629938,NA
"BVR",2021-12-06,"Calanoida",115.88633091036,NA
"BVR",2021-12-06,"Ceriodaphnia",NA,NA
"BVR",2021-12-06,"Cladocera",109.046422629938,NA
"BVR",2021-12-06,"Conochilus",5.81315246703219,NA
"BVR",2021-12-06,"Copepoda",326.534103839741,NA
"BVR",2021-12-06,"Cyclopoida",127.938164445721,NA
"BVR",2021-12-06,"Daphnia",NA,NA
"BVR",2021-12-06,"Kellicottia",0.698748771812505,NA
"BVR",2021-12-06,"Keratella",3.62102581176768,NA
"BVR",2021-12-06,"Nauplii",180.561588061038,NA
"BVR",2021-12-06,"Polyarthra",21.3746019013193,NA
"BVR",2021-12-06,"Rotifera",45.7220632735697,NA
"BVR",2021-12-06,"Trichocerca",NA,NA
